eeg_value,state
63.0,Normal
48.0,Normal
47.0,Normal
47.0,Normal
47.0,Normal
47.0,Normal
47.0,Normal
42.0,Normal
46.0,Normal
46.0,Normal
46.0,Normal
45.0,Normal
46.0,Normal
48.0,Normal
45.0,Normal
47.0,Normal
44.0,Normal
47.0,Normal
46.0,Normal
43.0,Normal
43.0,Normal
43.0,Normal
46.0,Normal
47.0,Normal
46.0,Normal
44.0,Normal
46.0,Normal
45.0,Normal
48.0,Normal
47.0,Normal
43.0,Normal
43.0,Normal
46.0,Normal
44.0,Normal
43.0,Normal
46.0,Normal
44.0,Normal
45.0,Normal
46.0,Normal
42.0,Normal
45.0,Normal
43.0,Normal
45.0,Normal
43.0,Normal
45.0,Normal
45.0,Normal
46.0,Normal
45.0,Normal
46.0,Normal
45.0,Normal
45.0,Normal
45.0,Normal
48.0,Normal
46.0,Normal
42.0,Normal
47.0,Normal
45.0,Normal
45.0,Normal
43.0,Normal
47.0,Normal
42.0,Normal
46.0,Normal
45.0,Normal
42.0,Normal
42.0,Normal
42.0,Normal
41.0,Normal
42.0,Normal
46.0,Normal
45.0,Normal
43.0,Normal
46.0,Normal
46.0,Normal
45.0,Normal
47.0,Normal
45.0,Normal
43.0,Normal
46.0,Normal
45.0,Normal
45.0,Normal
45.0,Normal
45.0,Normal
47.0,Normal
45.0,Normal
43.0,Normal
46.0,Normal
45.0,Normal
43.0,Normal
45.0,Normal
45.0,Normal
45.0,Normal
47.0,Normal
46.0,Normal
45.0,Normal
44.0,Normal
46.0,Normal
46.0,Normal
43.0,Normal
45.0,Normal
46.0,Normal
43.0,Normal
45.0,Normal
46.0,Normal
47.0,Normal
45.0,Normal
46.0,Normal
45.0,Normal
45.0,Normal
47.0,Normal
45.0,Normal
48.0,Normal
46.0,Normal
47.0,Normal
46.0,Normal
46.0,Normal
48.0,Normal
47.0,Normal
45.0,Normal
45.0,Normal
47.0,Normal
47.0,Normal
46.0,Normal
47.0,Normal
45.0,Normal
48.0,Normal
45.0,Normal
43.0,Normal
45.0,Normal
45.0,Normal
47.0,Normal
46.0,Normal
47.0,Normal
46.0,Normal
46.0,Normal
47.0,Normal
46.0,Normal
45.0,Normal
44.0,Normal
45.0,Normal
46.0,Normal
46.0,Normal
46.0,Normal
45.0,Normal
43.0,Normal
42.0,Normal
44.0,Normal
46.0,Normal
45.0,Normal
45.0,Normal
45.0,Normal
46.0,Normal
46.0,Normal
47.0,Normal
43.0,Normal
44.0,Normal
42.0,Normal
41.0,Normal
44.0,Normal
42.0,Normal
43.0,Normal
43.0,Normal
45.0,Normal
46.0,Normal
48.0,Normal
45.0,Normal
46.0,Normal
46.0,Normal
47.0,Normal
46.0,Normal
47.0,Normal
48.0,Normal
48.0,Normal
46.0,Normal
45.0,Normal
48.0,Normal
44.0,Normal
48.0,Normal
45.0,Normal
45.0,Normal
46.0,Normal
48.0,Normal
46.0,Normal
47.0,Normal
44.0,Normal
45.0,Normal
46.0,Normal
45.0,Normal
46.0,Normal
45.0,Normal
46.0,Normal
46.0,Normal
42.0,Normal
43.0,Normal
46.0,Normal
47.0,Normal
45.0,Normal
42.0,Normal
46.0,Normal
47.0,Normal
46.0,Normal
48.0,Normal
46.0,Normal
41.0,Normal
45.0,Normal
42.0,Normal
44.0,Normal
45.0,Normal
45.0,Normal
44.0,Normal
43.0,Normal
41.0,Normal
42.0,Normal
43.0,Normal
42.0,Normal
42.0,Normal
44.0,Normal
42.0,Normal
43.0,Normal
43.0,Normal
41.0,Normal
46.0,Normal
46.0,Normal
46.0,Normal
46.0,Normal
44.0,Normal
46.0,Normal
46.0,Normal
45.0,Normal
45.0,Normal
46.0,Normal
44.0,Normal
45.0,Normal
46.0,Normal
43.0,Normal
46.0,Normal
46.0,Normal
48.0,Normal
48.0,Normal
48.0,Normal
48.0,Normal
47.0,Normal
48.0,Normal
48.0,Normal
48.0,Normal
47.0,Normal
47.0,Normal
48.0,Normal
48.0,Normal
47.0,Normal
47.0,Normal
47.0,Normal
45.0,Normal
46.0,Normal
42.0,Normal
45.0,Normal
46.0,Normal
45.0,Normal
42.0,Normal
46.0,Normal
46.0,Normal
48.0,Normal
45.0,Normal
44.0,Normal
47.0,Normal
45.0,Normal
48.0,Normal
45.0,Normal
46.0,Normal
48.0,Normal
46.0,Normal
48.0,Normal
43.0,Normal
48.0,Normal
49.0,Normal
48.0,Normal
48.0,Normal
48.0,Normal
48.0,Normal
49.0,Normal
48.0,Normal
50.0,Normal
49.0,Normal
49.0,Normal
48.0,Normal
48.0,Normal
48.0,Normal
48.0,Normal
48.0,Normal
47.0,Normal
49.0,Normal
48.0,Normal
50.0,Normal
51.0,Normal
48.0,Normal
47.0,Normal
47.0,Normal
47.0,Normal
43.0,Normal
47.0,Normal
45.0,Normal
46.0,Normal
47.0,Normal
47.0,Normal
48.0,Normal
46.0,Normal
48.0,Normal
45.0,Normal
46.0,Normal
45.0,Normal
46.0,Normal
47.0,Normal
47.0,Normal
47.0,Normal
48.0,Normal
48.0,Normal
48.0,Normal
48.0,Normal
47.0,Normal
48.0,Normal
46.0,Normal
47.0,Normal
48.0,Normal
47.0,Normal
47.0,Normal
48.0,Normal
46.0,Normal
47.0,Normal
47.0,Normal
42.0,Normal
46.0,Normal
43.0,Normal
47.0,Normal
46.0,Normal
47.0,Normal
46.0,Normal
44.0,Normal
46.0,Normal
46.0,Normal
47.0,Normal
45.0,Normal
45.0,Normal
48.0,Normal
46.0,Normal
45.0,Normal
46.0,Normal
46.0,Normal
45.0,Normal
45.0,Normal
45.0,Normal
45.0,Normal
43.0,Normal
46.0,Normal
43.0,Normal
45.0,Normal
46.0,Normal
47.0,Normal
48.0,Normal
48.0,Normal
47.0,Normal
47.0,Normal
47.0,Normal
48.0,Normal
43.0,Normal
45.0,Normal
46.0,Normal
46.0,Normal
48.0,Normal
47.0,Normal
46.0,Normal
48.0,Normal
48.0,Normal
47.0,Normal
46.0,Normal
46.0,Normal
43.0,Normal
44.0,Normal
45.0,Normal
48.0,Normal
45.0,Normal
47.0,Normal
47.0,Normal
43.0,Normal
46.0,Normal
43.0,Normal
43.0,Normal
37.0,Normal
43.0,Normal
44.0,Normal
42.0,Normal
45.0,Normal
43.0,Normal
43.0,Normal
43.0,Normal
43.0,Normal
46.0,Normal
48.0,Normal
46.0,Normal
48.0,Normal
47.0,Normal
48.0,Normal
45.0,Normal
46.0,Normal
48.0,Normal
48.0,Normal
47.0,Normal
47.0,Normal
45.0,Normal
45.0,Normal
44.0,Normal
47.0,Normal
44.0,Normal
45.0,Normal
47.0,Normal
45.0,Normal
45.0,Normal
44.0,Normal
48.0,Normal
45.0,Normal
43.0,Normal
44.0,Normal
45.0,Normal
45.0,Normal
41.0,Normal
43.0,Normal
44.0,Normal
46.0,Normal
47.0,Normal
45.0,Normal
44.0,Normal
43.0,Normal
46.0,Normal
45.0,Normal
45.0,Normal
43.0,Normal
47.0,Normal
44.0,Normal
45.0,Normal
46.0,Normal
44.0,Normal
46.0,Normal
46.0,Normal
45.0,Normal
45.0,Normal
43.0,Normal
46.0,Normal
45.0,Normal
45.0,Normal
47.0,Normal
44.0,Normal
42.0,Normal
45.0,Normal
44.0,Normal
42.0,Normal
46.0,Normal
45.0,Normal
47.0,Normal
42.0,Normal
44.0,Normal
45.0,Normal
46.0,Normal
45.0,Normal
44.0,Normal
46.0,Normal
48.0,Normal
47.0,Normal
46.0,Normal
48.0,Normal
47.0,Normal
44.0,Normal
47.0,Normal
48.0,Normal
44.0,Normal
42.0,Normal
45.0,Normal
43.0,Normal
42.0,Normal
44.0,Normal
46.0,Normal
45.0,Normal
46.0,Normal
47.0,Normal
45.0,Normal
44.0,Normal
45.0,Normal
45.0,Normal
48.0,Normal
46.0,Normal
45.0,Normal
39.0,Normal
39.0,Normal
38.0,Normal
42.0,Normal
37.0,Normal
39.0,Normal
42.0,Normal
47.0,Normal
45.0,Normal
44.0,Normal
47.0,Normal
55.0,Normal
45.0,Normal
39.0,Normal
39.0,Normal
38.0,Normal
39.0,Normal
39.0,Normal
37.0,Normal
37.0,Normal
37.0,Normal
37.0,Normal
38.0,Normal
37.0,Normal
38.0,Normal
38.0,Normal
39.0,Normal
37.0,Normal
38.0,Normal
39.0,Normal
38.0,Normal
38.0,Normal
38.0,Normal
39.0,Normal
39.0,Normal
39.0,Normal
38.0,Normal
38.0,Normal
37.0,Normal
38.0,Normal
41.0,Normal
38.0,Normal
37.0,Normal
39.0,Normal
37.0,Normal
36.0,Normal
37.0,Normal
38.0,Normal
35.0,Normal
38.0,Normal
38.0,Normal
36.0,Normal
36.0,Normal
37.0,Normal
36.0,Normal
34.0,Normal
34.0,Normal
35.0,Normal
38.0,Normal
34.0,Normal
35.0,Normal
35.0,Normal
37.0,Normal
33.0,Normal
35.0,Normal
38.0,Normal
38.0,Normal
38.0,Normal
38.0,Normal
38.0,Normal
39.0,Normal
38.0,Normal
37.0,Normal
35.0,Normal
37.0,Normal
37.0,Normal
36.0,Normal
41.0,Normal
38.0,Normal
36.0,Normal
38.0,Normal
36.0,Normal
38.0,Normal
42.0,Normal
35.0,Normal
39.0,Normal
37.0,Normal
37.0,Normal
36.0,Normal
39.0,Normal
37.0,Normal
37.0,Normal
38.0,Normal
38.0,Normal
41.0,Normal
38.0,Normal
38.0,Normal
38.0,Normal
38.0,Normal
39.0,Normal
37.0,Normal
39.0,Normal
39.0,Normal
35.0,Normal
38.0,Normal
38.0,Normal
38.0,Normal
38.0,Normal
38.0,Normal
39.0,Normal
39.0,Normal
41.0,Normal
38.0,Normal
39.0,Normal
42.0,Normal
41.0,Normal
37.0,Normal
43.0,Normal
44.0,Normal
41.0,Normal
41.0,Normal
39.0,Normal
37.0,Normal
37.0,Normal
36.0,Normal
39.0,Normal
39.0,Normal
37.0,Normal
36.0,Normal
39.0,Normal
38.0,Normal
39.0,Normal
37.0,Normal
38.0,Normal
37.0,Normal
36.0,Normal
38.0,Normal
38.0,Normal
38.0,Normal
35.0,Normal
38.0,Normal
38.0,Normal
41.0,Normal
39.0,Normal
39.0,Normal
39.0,Normal
41.0,Normal
38.0,Normal
39.0,Normal
39.0,Normal
40.0,Normal
43.0,Normal
45.0,Normal
46.0,Normal
46.0,Normal
45.0,Normal
42.0,Normal
46.0,Normal
44.0,Normal
43.0,Normal
46.0,Normal
43.0,Normal
43.0,Normal
44.0,Normal
46.0,Normal
44.0,Normal
43.0,Normal
45.0,Normal
43.0,Normal
43.0,Normal
43.0,Normal
44.0,Normal
42.0,Normal
42.0,Normal
41.0,Normal
46.0,Normal
43.0,Normal
44.0,Normal
44.0,Normal
44.0,Normal
45.0,Normal
45.0,Normal
44.0,Normal
44.0,Normal
43.0,Normal
46.0,Normal
43.0,Normal
45.0,Normal
42.0,Normal
44.0,Normal
42.0,Normal
43.0,Normal
44.0,Normal
44.0,Normal
45.0,Normal
45.0,Normal
44.0,Normal
43.0,Normal
45.0,Normal
45.0,Normal
46.0,Normal
43.0,Normal
46.0,Normal
47.0,Normal
45.0,Normal
41.0,Normal
42.0,Normal
41.0,Normal
43.0,Normal
42.0,Normal
42.0,Normal
45.0,Normal
43.0,Normal
42.0,Normal
44.0,Normal
42.0,Normal
43.0,Normal
39.0,Normal
39.0,Normal
38.0,Normal
41.0,Normal
43.0,Normal
43.0,Normal
43.0,Normal
39.0,Normal
43.0,Normal
43.0,Normal
43.0,Normal
43.0,Normal
44.0,Normal
42.0,Normal
43.0,Normal
43.0,Normal
45.0,Normal
43.0,Normal
46.0,Normal
42.0,Normal
41.0,Normal
42.0,Normal
43.0,Normal
42.0,Normal
44.0,Normal
44.0,Normal
44.0,Normal
45.0,Normal
45.0,Normal
42.0,Normal
44.0,Normal
43.0,Normal
41.0,Normal
39.0,Normal
38.0,Normal
42.0,Normal
41.0,Normal
45.0,Normal
43.0,Normal
45.0,Normal
45.0,Normal
42.0,Normal
45.0,Normal
42.0,Normal
43.0,Normal
42.0,Normal
44.0,Normal
41.0,Normal
45.0,Normal
43.0,Normal
45.0,Normal
42.0,Normal
42.0,Normal
42.0,Normal
45.0,Normal
48.0,Normal
44.0,Normal
45.0,Normal
44.0,Normal
42.0,Normal
42.0,Normal
38.0,Normal
36.0,Normal
35.0,Normal
36.0,Normal
39.0,Normal
43.0,Normal
39.0,Normal
39.0,Normal
41.0,Normal
43.0,Normal
41.0,Normal
38.0,Normal
37.0,Normal
39.0,Normal
39.0,Normal
41.0,Normal
38.0,Normal
42.0,Normal
43.0,Normal
42.0,Normal
43.0,Normal
44.0,Normal
42.0,Normal
42.0,Normal
43.0,Normal
42.0,Normal
41.0,Normal
41.0,Normal
43.0,Normal
43.0,Normal
45.0,Normal
42.0,Normal
45.0,Normal
45.0,Normal
44.0,Normal
43.0,Normal
43.0,Normal
43.0,Normal
43.0,Normal
43.0,Normal
39.0,Normal
42.0,Normal
43.0,Normal
45.0,Normal
45.0,Normal
42.0,Normal
44.0,Normal
44.0,Normal
43.0,Normal
42.0,Normal
43.0,Normal
42.0,Normal
45.0,Normal
43.0,Normal
43.0,Normal
43.0,Normal
46.0,Normal
42.0,Normal
43.0,Normal
45.0,Normal
39.0,Normal
45.0,Normal
46.0,Normal
43.0,Normal
45.0,Normal
41.0,Normal
41.0,Normal
43.0,Normal
43.0,Normal
43.0,Normal
41.0,Normal
41.0,Normal
41.0,Normal
42.0,Normal
44.0,Normal
42.0,Normal
44.0,Normal
42.0,Normal
44.0,Normal
41.0,Normal
42.0,Normal
44.0,Normal
43.0,Normal
42.0,Normal
43.0,Normal
46.0,Normal
45.0,Normal
43.0,Normal
43.0,Normal
47.0,Normal
43.0,Normal
43.0,Normal
43.0,Normal
48.0,Normal
45.0,Normal
43.0,Normal
43.0,Normal
44.0,Normal
42.0,Normal
43.0,Normal
44.0,Normal
44.0,Normal
39.0,Normal
43.0,Normal
43.0,Normal
44.0,Normal
46.0,Normal
44.0,Normal
41.0,Normal
43.0,Normal
42.0,Normal
43.0,Normal
43.0,Normal
42.0,Normal
42.0,Normal
44.0,Normal
43.0,Normal
43.0,Normal
44.0,Normal
43.0,Normal
43.0,Normal
43.0,Normal
44.0,Normal
45.0,Normal
44.0,Normal
43.0,Normal
46.0,Normal
48.0,Normal
43.0,Normal
43.0,Normal
43.0,Normal
45.0,Normal
46.0,Normal
43.0,Normal
42.0,Normal
42.0,Normal
45.0,Normal
42.0,Normal
45.0,Normal
43.0,Normal
44.0,Normal
45.0,Normal
43.0,Normal
43.0,Normal
44.0,Normal
44.0,Normal
41.0,Normal
42.0,Normal
42.0,Normal
44.0,Normal
45.0,Normal
45.0,Normal
44.0,Normal
43.0,Normal
44.0,Normal
45.0,Normal
43.0,Normal
43.0,Normal
42.0,Normal
41.0,Normal
43.0,Normal
45.0,Normal
46.0,Normal
42.0,Normal
45.0,Normal
48.0,Normal
45.0,Normal
45.0,Normal
42.0,Normal
44.0,Normal
43.0,Normal
42.0,Normal
43.0,Normal
43.0,Normal
43.0,Normal
45.0,Normal
43.0,Normal
42.0,Normal
45.0,Normal
45.0,Normal
45.0,Normal
45.0,Normal
47.0,Normal
47.0,Normal
43.0,Normal
42.0,Normal
46.0,Normal
45.0,Normal
42.0,Normal
46.0,Normal
39.0,Normal
41.0,Normal
43.0,Normal
44.0,Normal
45.0,Normal
45.0,Normal
46.0,Normal
45.0,Normal
44.0,Normal
43.0,Normal
46.0,Normal
46.0,Normal
45.0,Normal
45.0,Normal
45.0,Normal
45.0,Normal
42.0,Normal
42.0,Normal
41.0,Normal
37.0,Normal
37.0,Normal
43.0,Normal
39.0,Normal
38.0,Normal
38.0,Normal
37.0,Normal
40.0,Normal
42.0,Normal
39.0,Normal
41.0,Normal
37.0,Normal
38.0,Normal
37.0,Normal
37.0,Normal
39.0,Normal
39.0,Normal
37.0,Normal
39.0,Normal
37.0,Normal
39.0,Normal
39.0,Normal
39.0,Normal
51.0,Normal
42.0,Normal
41.0,Normal
39.0,Normal
39.0,Normal
37.0,Normal
41.0,Normal
38.0,Normal
37.0,Normal
35.0,Normal
37.0,Normal
38.0,Normal
38.0,Normal
38.0,Normal
38.0,Normal
39.0,Normal
39.0,Normal
37.0,Normal
39.0,Normal
39.0,Normal
39.0,Normal
37.0,Normal
42.0,Normal
39.0,Normal
38.0,Normal
37.0,Normal
42.0,Normal
38.0,Normal
39.0,Normal
37.0,Normal
35.0,Normal
35.0,Normal
34.0,Normal
37.0,Normal
35.0,Normal
35.0,Normal
37.0,Normal
34.0,Normal
33.0,Normal
36.0,Normal
42.0,Normal
42.0,Normal
39.0,Normal
35.0,Normal
34.0,Normal
37.0,Normal
35.0,Normal
37.0,Normal
39.0,Normal
37.0,Normal
37.0,Normal
34.0,Normal
38.0,Normal
35.0,Normal
36.0,Normal
35.0,Normal
37.0,Normal
35.0,Normal
38.0,Normal
37.0,Normal
37.0,Normal
35.0,Normal
37.0,Normal
37.0,Normal
35.0,Normal
33.0,Normal
35.0,Normal
33.0,Normal
33.0,Normal
34.0,Normal
35.0,Normal
33.0,Normal
37.0,Normal
33.0,Normal
37.0,Normal
34.0,Normal
33.0,Normal
34.0,Normal
35.0,Normal
37.0,Normal
35.0,Normal
34.0,Normal
36.0,Normal
38.0,Normal
37.0,Normal
37.0,Normal
36.0,Normal
37.0,Normal
38.0,Normal
34.0,Normal
38.0,Normal
37.0,Normal
35.0,Normal
35.0,Normal
35.0,Normal
34.0,Normal
37.0,Normal
35.0,Normal
30.0,Normal
35.0,Normal
35.0,Normal
32.0,Normal
35.0,Normal
36.0,Normal
37.0,Normal
37.0,Normal
35.0,Normal
37.0,Normal
37.0,Normal
34.0,Normal
38.0,Normal
34.0,Normal
38.0,Normal
35.0,Normal
37.0,Normal
38.0,Normal
38.0,Normal
35.0,Normal
36.0,Normal
36.0,Normal
36.0,Normal
37.0,Normal
36.0,Normal
37.0,Normal
34.0,Normal
36.0,Normal
38.0,Normal
37.0,Normal
35.0,Normal
34.0,Normal
32.0,Normal
37.0,Normal
34.0,Normal
36.0,Normal
36.0,Normal
41.0,Normal
35.0,Normal
35.0,Normal
35.0,Normal
35.0,Normal
36.0,Normal
35.0,Normal
34.0,Normal
35.0,Normal
34.0,Normal
38.0,Normal
37.0,Normal
37.0,Normal
34.0,Normal
37.0,Normal
37.0,Normal
36.0,Normal
37.0,Normal
33.0,Normal
34.0,Normal
34.0,Normal
34.0,Normal
35.0,Normal
34.0,Normal
35.0,Normal
33.0,Normal
35.0,Normal
37.0,Normal
36.0,Normal
37.0,Normal
35.0,Normal
34.0,Normal
34.0,Normal
32.0,Normal
39.0,Normal
34.0,Normal
38.0,Normal
33.0,Normal
36.0,Normal
33.0,Normal
39.0,Normal
35.0,Normal
36.0,Normal
37.0,Normal
37.0,Normal
37.0,Normal
36.0,Normal
34.0,Normal
34.0,Normal
37.0,Normal
36.0,Normal
34.0,Normal
35.0,Normal
37.0,Normal
33.0,Normal
34.0,Normal
33.0,Normal
38.0,Normal
37.0,Normal
34.0,Normal
35.0,Normal
35.0,Normal
35.0,Normal
34.0,Normal
39.0,Normal
34.0,Normal
34.0,Normal
36.0,Normal
41.0,Normal
37.0,Normal
37.0,Normal
35.0,Normal
35.0,Normal
37.0,Normal
35.0,Normal
32.0,Normal
33.0,Normal
32.0,Normal
32.0,Normal
32.0,Normal
33.0,Normal
30.0,Normal
32.0,Normal
28.0,Normal
32.0,Normal
29.0,Normal
31.0,Normal
30.0,Normal
32.0,Normal
31.0,Normal
31.0,Normal
30.0,Normal
32.0,Normal
31.0,Normal
30.0,Normal
32.0,Normal
32.0,Normal
32.0,Normal
32.0,Normal
32.0,Normal
31.0,Normal
32.0,Normal
34.0,Normal
32.0,Normal
31.0,Normal
28.0,Normal
29.0,Normal
30.0,Normal
34.0,Normal
31.0,Normal
35.0,Normal
29.0,Normal
33.0,Normal
30.0,Normal
33.0,Normal
29.0,Normal
32.0,Normal
29.0,Normal
32.0,Normal
31.0,Normal
32.0,Normal
32.0,Normal
33.0,Normal
31.0,Normal
31.0,Normal
32.0,Normal
32.0,Normal
30.0,Normal
32.0,Normal
30.0,Normal
34.0,Normal
33.0,Normal
31.0,Normal
33.0,Normal
32.0,Normal
32.0,Normal
31.0,Normal
33.0,Normal
31.0,Normal
32.0,Normal
32.0,Normal
28.0,Normal
31.0,Normal
31.0,Normal
32.0,Normal
32.0,Normal
32.0,Normal
29.0,Normal
29.0,Normal
27.0,Normal
31.0,Normal
30.0,Normal
30.0,Normal
30.0,Normal
32.0,Normal
31.0,Normal
32.0,Normal
32.0,Normal
32.0,Normal
32.0,Normal
32.0,Normal
33.0,Normal
32.0,Normal
30.0,Normal
32.0,Normal
30.0,Normal
32.0,Normal
29.0,Normal
31.0,Normal
30.0,Normal
32.0,Normal
30.0,Normal
31.0,Normal
29.0,Normal
30.0,Normal
30.0,Normal
31.0,Normal
29.0,Normal
31.0,Normal
29.0,Normal
32.0,Normal
31.0,Normal
32.0,Normal
30.0,Normal
31.0,Normal
32.0,Normal
32.0,Normal
32.0,Normal
31.0,Normal
30.0,Normal
30.0,Normal
32.0,Normal
32.0,Normal
32.0,Normal
31.0,Normal
31.0,Normal
32.0,Normal
32.0,Normal
32.0,Normal
31.0,Normal
31.0,Normal
32.0,Normal
31.0,Normal
32.0,Normal
33.0,Normal
30.0,Normal
33.0,Normal
32.0,Normal
32.0,Normal
31.0,Normal
32.0,Normal
31.0,Normal
33.0,Normal
32.0,Normal
32.0,Normal
32.0,Normal
32.0,Normal
33.0,Normal
33.0,Normal
32.0,Normal
31.0,Normal
30.0,Normal
32.0,Normal
34.0,Normal
32.0,Normal
33.0,Normal
31.0,Normal
38.0,Normal
32.0,Normal
30.0,Normal
32.0,Normal
30.0,Normal
35.0,Normal
32.0,Normal
32.0,Normal
32.0,Normal
34.0,Normal
28.0,Normal
27.0,Normal
27.0,Normal
31.0,Normal
29.0,Normal
28.0,Normal
27.0,Normal
30.0,Normal
29.0,Normal
28.0,Normal
29.0,Normal
30.0,Normal
30.0,Normal
31.0,Normal
23.0,Normal
29.0,Normal
29.0,Normal
29.0,Normal
32.0,Normal
30.0,Normal
29.0,Normal
29.0,Normal
30.0,Normal
31.0,Normal
31.0,Normal
32.0,Normal
30.0,Normal
32.0,Normal
32.0,Normal
34.0,Normal
32.0,Normal
30.0,Normal
32.0,Normal
28.0,Normal
27.0,Normal
26.0,Normal
30.0,Normal
30.0,Normal
32.0,Normal
31.0,Normal
31.0,Normal
32.0,Normal
30.0,Normal
29.0,Normal
31.0,Normal
28.0,Normal
32.0,Normal
31.0,Normal
32.0,Normal
23.0,Normal
32.0,Normal
32.0,Normal
32.0,Normal
31.0,Normal
32.0,Normal
31.0,Normal
30.0,Normal
30.0,Normal
33.0,Normal
32.0,Normal
30.0,Normal
29.0,Normal
30.0,Normal
30.0,Normal
29.0,Normal
32.0,Normal
30.0,Normal
33.0,Normal
33.0,Normal
26.0,Normal
30.0,Normal
29.0,Normal
32.0,Normal
33.0,Normal
33.0,Normal
27.0,Normal
30.0,Normal
28.0,Normal
26.0,Normal
31.0,Normal
29.0,Normal
29.0,Normal
31.0,Normal
32.0,Normal
32.0,Normal
31.0,Normal
31.0,Normal
33.0,Normal
32.0,Normal
33.0,Normal
34.0,Normal
33.0,Normal
32.0,Normal
33.0,Normal
35.0,Normal
32.0,Normal
34.0,Normal
33.0,Normal
33.0,Normal
32.0,Normal
33.0,Normal
32.0,Normal
32.0,Normal
32.0,Normal
33.0,Normal
32.0,Normal
33.0,Normal
34.0,Normal
33.0,Normal
31.0,Normal
33.0,Normal
33.0,Normal
33.0,Normal
33.0,Normal
33.0,Normal
32.0,Normal
32.0,Normal
31.0,Normal
32.0,Normal
33.0,Normal
33.0,Normal
32.0,Normal
33.0,Normal
32.0,Normal
34.0,Normal
33.0,Normal
33.0,Normal
