mean,std,var,max,min,range,diff_mean,diff_std,skew,kurt,state
45.64,2.9744490143176954,8.84734693877551,63.0,42.0,21.0,-0.3673469387755102,2.953336940431132,4.063752251513101,23.836405102058585,Normal
44.66,1.745080548985914,3.045306122448979,48.0,41.0,7.0,0.061224489795918366,2.3509282861770133,-0.24333631431439706,-0.735024865801468,Normal
44.78,1.6449055552566796,2.7057142857142855,48.0,41.0,7.0,0.02040816326530612,2.208423538925516,-0.5204703706402651,-0.4310371313439121,Normal
45.56,1.2803060858518902,1.6391836734693879,48.0,43.0,5.0,0.061224489795918366,1.695229359779199,-0.1997390268306953,-0.032424130721328215,Normal
45.64,1.3055611038623844,1.7044897959183676,48.0,42.0,6.0,0.04081632653061224,1.4840537928732933,-0.49165234933018254,0.5080144687199284,Normal
45.24,1.684987736889912,2.839183673469387,48.0,41.0,7.0,0.061224489795918366,1.5038476266890237,-0.5281647467516559,-0.0911874343342638,Normal
45.36,1.8043032461539368,3.2555102040816335,48.0,41.0,7.0,0.0,2.0101781827814698,-0.5668077588496776,-0.26179703307301505,Normal
44.6,1.9272482233188633,3.714285714285715,48.0,41.0,7.0,0.0,2.1285234893930487,-0.2565863019211526,-0.8322579629862767,Normal
45.18,2.2010201716291395,4.844489795918367,48.0,41.0,7.0,-0.02040816326530612,1.7436742337382716,-0.3578235634103386,-0.9891357615165517,Normal
46.26,1.6880129605847347,2.849387755102041,49.0,42.0,7.0,0.04081632653061224,2.0299711838054213,-0.7194701888784334,0.0900044216999838,Normal
46.92,1.9983666800052242,3.993469387755102,51.0,42.0,9.0,-0.04081632653061224,2.1755523218345187,-0.6526691494236421,0.26431928285293926,Normal
47.46,1.3733617327490932,1.8861224489795918,51.0,43.0,8.0,0.0,1.4285714285714286,-0.454713442999615,1.9516722220216867,Normal
46.32,1.331563451169262,1.7730612244897959,48.0,42.0,6.0,-0.02040816326530612,1.6719754406746155,-0.8918087973631621,1.2748756521820077,Normal
45.9,1.5152288168283161,2.295918367346939,48.0,42.0,6.0,-0.061224489795918366,1.9209708776734846,-0.7039640843812708,0.11627171000787628,Normal
45.42,2.2595827680601315,5.105714285714285,48.0,37.0,11.0,0.10204081632653061,2.2519370161850976,-1.1128468253064334,2.1902285575902507,Normal
44.94,2.1703944906163857,4.71061224489796,48.0,37.0,11.0,0.0,2.347382389307855,-0.8305579595512832,2.19434333995824,Normal
45.08,1.5364948182570002,2.3608163265306117,48.0,41.0,7.0,-0.061224489795918366,1.93156554105737,-0.1394157765531925,0.08171451086102488,Normal
45.08,1.601529880827602,2.564897959183673,48.0,42.0,6.0,-0.061224489795918366,2.1324333447994324,-0.16658363532955342,-0.5017335891700894,Normal
44.64,3.0355714252099255,9.214693877551019,55.0,37.0,18.0,0.20408163265306123,2.6724565771217716,-0.015219376330356565,2.5006488238264524,Normal
41.24,4.083615844732085,16.67591836734694,55.0,37.0,18.0,-0.08163265306122448,2.7836016508779613,1.011129158008641,0.7905244472876518,Normal
37.54,1.8539533050060504,3.4371428571428573,45.0,34.0,11.0,-0.20408163265306123,1.690062090837828,0.9150410696378414,4.515246831013235,Normal
37.02,1.8237660071894073,3.326122448979593,42.0,33.0,9.0,-0.02040816326530612,2.334215735254321,0.26361085198853756,0.5866290706604809,Normal
37.74,1.651344535676975,2.726938775510204,42.0,33.0,9.0,0.08163265306122448,2.2482349965584345,-0.07505008204238946,1.330155838165421,Normal
38.42,1.8080319664864153,3.268979591836734,44.0,35.0,9.0,0.02040816326530612,2.0151446589930098,0.9979953756140331,1.3657187387914274,Normal
39.98,3.0270211665690647,9.162857142857142,46.0,35.0,11.0,0.10204081632653061,2.149939704509851,0.6407092659341326,-0.6082689454477279,Normal
42.5,2.757179866516969,7.6020408163265305,46.0,35.0,11.0,0.10204081632653061,1.9613083717116675,-0.7180763924238149,-0.2745266410272875,Normal
43.76,1.450685974261269,2.1044897959183673,47.0,41.0,6.0,0.04081632653061224,1.8401329108326285,0.020455264989577025,-0.5624515928349516,Normal
43.06,1.8888502063532768,3.5677551020408163,47.0,38.0,9.0,-0.061224489795918366,2.0041606036230073,-0.5251677230799296,0.6476332058752972,Normal
42.58,1.8853895824340974,3.55469387755102,46.0,38.0,8.0,0.0,2.080031396937291,-0.7480424066205836,0.39426008129506895,Normal
42.24,2.6768851835135337,7.1657142857142855,48.0,35.0,13.0,0.0,2.276768207215604,-0.7996102378773241,0.6837967836122036,Normal
41.72,2.7258400689755544,7.430204081632654,48.0,35.0,13.0,0.061224489795918366,2.2168939777959626,-0.5049455420002771,0.15888662315796198,Normal
42.44,1.9289417633849426,3.720816326530612,46.0,37.0,9.0,0.0,1.8735538640862859,-0.9090814421897159,1.0302202165988472,Normal
42.9,1.5286381827880497,2.3367346938775513,46.0,39.0,7.0,-0.04081632653061224,2.2035146663073073,-0.25352931093607883,0.43647633186149903,Normal
43.18,1.8147918304188781,3.293469387755102,48.0,39.0,9.0,-0.08163265306122448,2.464745172023958,0.14782953720319197,0.5961412895674805,Normal
43.66,1.6239282179772778,2.637142857142857,48.0,39.0,9.0,0.0,2.1189138534559038,0.5796448671006283,1.8605779579623887,Normal
43.52,1.3130428906372638,1.7240816326530612,48.0,41.0,7.0,-0.02040816326530612,1.6224168909674932,0.9125914993694224,1.5189473859995823,Normal
43.78,1.568698927943349,2.460816326530612,48.0,41.0,7.0,0.10204081632653061,1.7640965538754538,0.41365827408564465,-0.09216134233065176,Normal
44.0,1.8516401995451028,3.4285714285714284,48.0,39.0,9.0,0.0,2.1759351731039738,-0.32146531242102483,-0.17863475177304977,Normal
41.54,3.411923869284882,11.64122448979592,51.0,37.0,14.0,-0.02040816326530612,3.146036028170308,0.33775048711337313,-0.5585663069025792,Normal
38.88,2.4297476143393486,5.903673469387756,51.0,35.0,16.0,0.10204081632653061,3.065575139693943,2.733150941643849,11.840617403706588,Normal
37.52,2.2609371363870068,5.111836734693878,42.0,33.0,9.0,-0.14285714285714285,2.3647064796066926,0.1769848892652958,-0.2992292811623658,Normal
35.9,2.1404748662530992,4.581632653061224,42.0,33.0,9.0,-0.10204081632653061,2.3668190826006534,0.7985864011846537,0.8807358794973918,Normal
35.36,1.7929567416842553,3.214693877551021,38.0,30.0,8.0,-0.12244897959183673,2.255448306595265,-0.5032813028316094,0.14910045495328994,Normal
35.86,1.666108750156165,2.7759183673469385,38.0,30.0,8.0,0.08163265306122448,2.266317112147223,-0.982419733903726,1.840276429550376,Normal
35.98,1.5712986959317234,2.4689795918367348,41.0,32.0,9.0,0.02040816326530612,2.3078375417513763,0.29732390145226056,1.0948298370919058,Normal
35.36,1.8489931071272498,3.4187755102040818,41.0,32.0,9.0,-0.04081632653061224,2.7771603737944734,0.6549293670803723,0.6487617544365625,Normal
35.22,1.764618245122839,3.113877551020408,39.0,32.0,7.0,-0.061224489795918366,2.706063963415153,0.5097764848452674,-0.550607062341558,Normal
34.16,2.713232878516185,7.361632653061224,41.0,28.0,13.0,-0.12244897959183673,2.3179217737960296,-0.035495436455937016,-0.1724188351416971,Normal
32.18,2.5450231545396313,6.477142857142856,41.0,28.0,13.0,-0.08163265306122448,2.464745172023958,1.0746596582632126,1.9367993916105233,Normal
31.5,1.5152288168283161,2.295918367346939,35.0,28.0,7.0,-0.08163265306122448,2.2753042828030585,-0.3299831645537222,0.2255003940110325,Normal
31.3,1.359021256460032,1.8469387755102038,34.0,27.0,7.0,0.061224489795918366,1.7191379337675663,-0.9807594412825115,1.3020379057350917,Normal
30.86,1.229069666413568,1.5106122448979593,33.0,27.0,6.0,0.02040816326530612,1.5582538096996794,-0.753112890088044,0.380054200591339,Normal
31.22,1.0554039752722215,1.113877551020408,33.0,29.0,4.0,0.061224489795918366,1.3463202042833178,-0.5706206013222154,-0.3519091108510346,Normal
31.68,1.7778684784118908,3.160816326530612,38.0,27.0,11.0,-0.061224489795918366,2.244341303897391,0.12227794924652663,3.783985386719359,Normal
30.68,2.4364577834660395,5.936326530612245,38.0,23.0,15.0,0.02040816326530612,2.6991290803861943,-0.0780706720553402,2.0156035288658947,Normal
30.0,2.1946130708196026,4.816326530612245,34.0,23.0,11.0,0.08163265306122448,2.8416489514039927,-1.3274028264729127,2.5549722429358157,Normal
30.26,2.174152426926457,4.726938775510204,33.0,23.0,10.0,-0.02040816326530612,3.006725766245194,-1.1429528918341847,1.4358844416247916,Normal
31.26,2.0082482975194567,4.033061224489796,35.0,26.0,9.0,0.04081632653061224,2.1942334784841817,-0.8137172796221865,0.4307212020953375,Normal
56.58,77.32230187563572,5978.738367346938,592.0,42.0,550.0,-11.142857142857142,74.8045071216587,7.05497076368067,49.842956219314075,Stress
44.64,1.7233095828571685,2.969795918367348,48.0,41.0,7.0,-0.02040816326530612,2.3516368239526475,-0.25963408489857026,-0.6924290735504286,Stress
44.76,1.6358234523771014,2.675918367346939,48.0,41.0,7.0,0.0,2.2038926600773587,-0.4997455091202515,-0.40385376545239327,Stress
45.54,1.2488361929151053,1.559591836734694,48.0,43.0,5.0,-0.04081632653061224,1.6654861847431155,-0.2911373275231131,-0.01897477183855445,Stress
45.66,1.3032142367771984,1.6983673469387754,48.0,42.0,6.0,-0.02040816326530612,1.545101488224302,-0.539309529416497,0.5678641051509397,Stress
45.24,1.6849877368899122,2.839183673469388,48.0,41.0,7.0,-0.061224489795918366,1.5038476266890235,-0.5281647467516557,-0.09118743433426602,Stress
45.34,1.8026058235515716,3.24938775510204,48.0,41.0,7.0,0.04081632653061224,2.0097637557730907,-0.5348577368108498,-0.27766343547526207,Stress
44.68,1.9840177747722536,3.936326530612245,48.0,41.0,7.0,-0.04081632653061224,2.1849128658988164,-0.25368629840879503,-0.8589326741676553,Stress
45.16,2.1886534859663493,4.790204081632653,48.0,41.0,7.0,0.02040816326530612,1.7669274140337439,-0.3464722834488902,-0.9637896961777375,Stress
46.18,1.698618886757409,2.8853061224489793,49.0,42.0,7.0,0.10204081632653061,2.042856123468114,-0.6317074064852191,-0.08851709281276943,Stress
46.96,1.9790742012055915,3.91673469387755,51.0,42.0,9.0,0.0,2.1570955529345,-0.7157000525462407,0.44068807861701087,Stress
47.46,1.3733617327490932,1.8861224489795918,51.0,43.0,8.0,-0.02040816326530612,1.4212641099167467,-0.4547134429996149,1.9516722220216867,Stress
46.32,1.331563451169262,1.7730612244897959,48.0,42.0,6.0,0.0,1.6781914463529615,-0.8918087973631621,1.2748756521820077,Stress
46.0,1.4846149779161804,2.204081632653061,48.0,42.0,6.0,-0.04081632653061224,1.8947745940302303,-0.7406210050368462,0.34000963138078966,Stress
45.36,2.2293039089292757,4.969795918367348,48.0,37.0,11.0,0.04081632653061224,2.2674194958908,-1.1077768615968377,2.313020185761988,Stress
44.92,2.1837993478881557,4.768979591836734,48.0,37.0,11.0,0.0,2.347382389307855,-0.7999447683196299,2.0444911510826156,Stress
45.2,1.52529689314733,2.326530612244898,48.0,41.0,7.0,-0.08163265306122448,1.9570566685284656,-0.06469836198426747,0.08531512151038356,Stress
45.1,1.5811388300841898,2.5000000000000004,48.0,42.0,6.0,0.02040816326530612,2.1332144559409403,-0.17102113876421102,-0.4159617889709075,Stress
44.38,2.664122936429204,7.097551020408164,48.0,37.0,11.0,0.10204081632653061,2.459839865031733,-0.9873466681066512,0.6681297593152777,Stress
52.28,77.12619925968673,5948.450612244901,586.0,37.0,549.0,-0.08163265306122448,108.11914001762487,7.040763281560221,49.70740471088499,Stress
48.96,77.55813093073728,6015.263673469386,586.0,34.0,552.0,-11.26530612244898,75.04876659721617,7.054434402512727,49.83782440494612,Stress
37.04,1.8290178026604824,3.3453061224489797,42.0,33.0,9.0,-0.08163265306122448,2.2482349965584345,0.23044395202873294,0.5335598492824372,Stress
37.54,1.6562805638304305,2.743265306122449,42.0,33.0,9.0,0.08163265306122448,2.2482349965584345,-0.059109609833058734,1.1379718626600415,Stress
38.46,1.7866854502007854,3.1922448979591835,44.0,35.0,9.0,-0.04081632653061224,2.0097637557730903,1.0073769537139334,1.4179701605106745,Stress
39.8,2.871393034605969,8.244897959183675,46.0,35.0,11.0,0.08163265306122448,2.1269575348022687,0.7262663155029003,-0.30300383827617816,Stress
42.2,2.920721185751553,8.530612244897958,46.0,35.0,11.0,0.14285714285714285,1.8844151368961313,-0.6307021951100401,-0.579889035936064,Stress
43.8,1.4568627181693672,2.122448979591837,47.0,41.0,6.0,-0.08163265306122448,1.8387743776752499,0.03300031120114277,-0.5464343604431572,Stress
43.08,1.8826815439469224,3.5444897959183677,47.0,38.0,9.0,-0.061224489795918366,1.9421024087135215,-0.5597519356386602,0.7209407609734955,Stress
42.62,1.9154580631892557,3.6689795918367345,46.0,38.0,8.0,0.061224489795918366,2.0938019638662215,-0.7359862550026661,0.29674278323208103,Stress
42.4,2.68023757704196,7.183673469387756,48.0,35.0,13.0,-0.14285714285714285,2.32992949004287,-0.8850555306097591,0.9086075218150995,Stress
41.62,2.6487578914175867,7.01591836734694,48.0,35.0,13.0,0.0,2.1852940772540506,-0.5105975314601919,0.36584517203477374,Stress
42.34,1.996016440977644,3.984081632653061,46.0,37.0,9.0,0.14285714285714285,1.8182745801939795,-0.7808299054885707,0.5132842069121959,Stress
43.0,1.5779087167410373,2.489795918367347,46.0,39.0,7.0,-0.02040816326530612,2.199163068248848,-0.3246671220787038,0.20831451165609804,Stress
43.18,1.7921597960823354,3.211836734693878,48.0,39.0,9.0,0.08163265306122448,2.4313994852539063,0.1836375821210036,0.7440136814851828,Stress
43.58,1.6047124480156332,2.575102040816326,48.0,39.0,9.0,0.04081632653061224,2.079630890262367,0.6671930766601156,2.15663323784126,Stress
43.52,1.3437686875776969,1.805714285714286,48.0,41.0,7.0,-0.02040816326530612,1.6962118167494,0.7441756972344764,1.3499572362925925,Stress
43.68,1.4630133845133837,2.140408163265306,48.0,41.0,7.0,-0.02040816326530612,1.801244421519692,0.3416300296115355,0.016838465929025936,Stress
44.04,1.806563995375684,3.2636734693877547,48.0,39.0,9.0,-0.02040816326530612,2.1805241451743806,-0.32159280849260874,-0.012027449975028137,Stress
41.56,3.3206834801754597,11.026938775510203,47.0,37.0,10.0,-0.16326530612244897,2.367698777513988,0.044983042095167645,-1.4404752575356417,Stress
36.16,2.2620200471873697,5.11673469387755,42.0,33.0,9.0,-0.10204081632653061,2.434823028888855,0.8071465815850534,0.7440653701897793,Stress
35.48,1.764039890335215,3.1118367346938776,38.0,30.0,8.0,-0.14285714285714285,2.2131333406899527,-0.5696689079227228,0.2493842847424963,Stress
35.4,1.8070158058105026,3.2653061224489797,41.0,32.0,9.0,-0.08163265306122448,2.5780607701223763,0.5793391494605376,0.6405593417553219,Stress
35.28,1.7028187915144388,2.8995918367346936,39.0,32.0,7.0,0.02040816326530612,2.551428538780734,0.2908614523841094,-0.7147496978878505,Stress
31.46,1.4457538108656858,2.090204081632653,35.0,28.0,7.0,0.02040816326530612,2.208423538925516,-0.06476486877970164,0.1529026062719714,Stress
31.32,1.4205489022464062,2.0179591836734696,34.0,27.0,7.0,0.0,1.9166296949998198,-0.9089169694858447,0.8608981269833782,Stress
31.9,1.3439205515876271,1.8061224489795922,38.0,30.0,8.0,0.0,1.979486637221574,1.975836464812991,8.05031162073343,Stress
30.7,2.4180444114015365,5.846938775510203,38.0,23.0,15.0,0.0,2.6726124191242437,-0.13803287976600623,2.1200381972856386,Stress
31.0,2.276768207215604,5.183673469387755,35.0,23.0,12.0,0.02040816326530612,2.8463352443446763,-1.2428689053548663,2.268824952543522,Stress
32.0,1.7261494247992246,2.979591836734694,35.0,26.0,9.0,0.0,1.6781914463529615,-1.661588877373761,3.328946291468201,Stress
98.08,1.35285035448591,1.8302040816326526,99.0,90.0,9.0,0.02040816326530612,1.8788815161606376,-4.6840013591933,26.868160792786878,Distraction
98.14,0.8332380897952962,0.6942857142857142,99.0,95.0,4.0,0.02040816326530612,0.999791731748236,-2.036740720178644,6.666218067000257,Distraction
97.98,0.8204030865920703,0.6730612244897959,99.0,95.0,4.0,0.0,0.9689042833036098,-2.041254270235575,6.21120619075475,Distraction
98.12,0.6590035768383312,0.43428571428571433,99.0,96.0,3.0,-0.02040816326530612,0.95809751790249,-0.5754586722088741,1.1943220663641352,Distraction
98.1,0.7354021529276429,0.5408163265306123,99.0,95.0,4.0,0.0,1.0301575072754257,-1.4431841822760998,5.341182975693583,Distraction
97.9,1.2163847404233143,1.4795918367346939,99.0,92.0,7.0,0.02040816326530612,1.449698011034942,-3.274258948121654,12.926469501859554,Distraction
97.9,1.2330483215451478,1.5204081632653061,99.0,92.0,7.0,-0.061224489795918366,1.4902152051860151,-3.136494812776842,12.09377668439323,Distraction
98.08,0.9441549509633317,0.8914285714285712,99.0,95.0,4.0,0.0,1.228903609577518,-1.9829930938162874,5.035257721683648,Distraction
98.12,0.9612916480720414,0.9240816326530614,99.0,95.0,4.0,-0.04081632653061224,1.177322865457629,-1.971636833631772,4.847092026676215,Distraction
98.04,1.2115094312636678,1.4677551020408162,99.0,92.0,7.0,-0.02040816326530612,1.6473825363763726,-2.94852307611898,12.384488163322201,Distraction
97.96,1.3241863115721677,1.753469387755102,99.0,92.0,7.0,0.04081632653061224,1.6531871960064193,-2.3958882470925507,7.8457149372667185,Distraction
98.06,0.9775020225460573,0.9555102040816328,99.0,95.0,4.0,0.0,1.212183053462653,-1.4894034826753242,2.610581988832415,Distraction
98.26,0.6642473107178669,0.4412244897959184,99.0,96.0,3.0,0.02040816326530612,0.999791731748236,-0.7791921922341343,1.449015298266394,Distraction
98.14,0.9478224237370497,0.8983673469387754,99.0,93.0,6.0,-0.02040816326530612,1.3922496245559624,-3.2861857912932697,17.201058829718004,Distraction
98.08,1.0659861774958646,1.1363265306122448,99.0,93.0,6.0,0.0,1.538618516324144,-2.691978685602275,10.651422636478424,Distraction
98.0,1.0101525445522108,1.0204081632653061,99.0,94.0,5.0,-0.02040816326530612,1.3775132269947923,-2.2273863607376247,6.422127659574468,Distraction
97.98,1.0200040015927907,1.040408163265306,99.0,94.0,5.0,-0.02040816326530612,1.3922496245559624,-2.242412298271523,6.139608663230941,Distraction
98.2,0.8806305718527109,0.7755102040816326,99.0,95.0,4.0,0.0,1.2777531299998799,-2.0918025356335272,6.03402929215539,Distraction
98.02,1.0398194505758767,1.0812244897959182,99.0,95.0,4.0,-0.04081632653061224,1.5380770352176956,-1.629526150038881,2.7222160565220186,Distraction
6.608480148593006,18.76863246648439,279.78067449623387,175.34130945254225,0.0,175.34130945254225,-1.018807485116726,20.873407724272734,2.5885958468543087,10.855984045189906,Stress
5.803727435363729,15.099476293485372,144.81674244625245,175.34130945254225,0.0,175.34130945254225,-0.0015378652526944093,17.086956494402283,3.39370032066178,21.39166398055025,Stress
8.339973851449203,19.293573669037897,141.99035308799384,118.74071208731294,0.0,118.74071208731294,0.11825430426274999,12.733224018139483,2.922090028267867,18.146215342389045,Stress
9.776520107376726,23.049992282028917,281.17809771279525,185.91814941137528,0.0,185.91814941137528,-1.0336496659721643,21.09606543775861,2.2553229526881142,9.687278348483519,Stress
8.644518126568478,19.782921997657127,154.35127969259977,185.91814941137528,0.0,185.91814941137528,-0.006493420906555907,17.64033740694902,2.9856029523295007,18.81594637401064,Stress
7.20191048701048,14.735051895370026,3.130307235048328,44.32,0.0,44.32,-0.030608744757535774,0.8723272835130629,0.8411724706596541,1.3579463364268431,Stress
18.534242600710343,19.759608879107777,20.192126509032793,55.0,-6.0,61.0,0.016827538217639854,6.735327127283558,1.2251918979152165,7.757364971839861,Panic
17.74895600641485,18.786502671671744,21.746929005449168,55.0,-6.0,61.0,-0.14365424902709859,6.953280988711062,1.2071490417315174,5.669618905623205,Panic
17.39319090363684,18.399586435365347,17.56344103402314,48.0,-6.0,54.0,0.07059169169393542,6.449588540081057,0.4533697714226078,0.35642478639618375,Panic
18.348683916776512,19.770575186805594,15.33076814114782,48.0,-6.0,54.0,-0.0025508288697097255,5.858325439704031,0.5554989248161101,2.882076545724711,Panic
18.45125471791008,19.773636595324476,12.49591808837746,48.0,-5.0,53.0,0.09620991253644313,4.997276811164414,0.023118178376576735,0.04553147660046296,Panic
18.175317366716488,19.329359434575007,13.28653571521849,48.0,-5.0,53.0,0.06297376093294463,5.406168773941469,0.1770909077174905,-0.15586115559583316,Panic
17.83683248091658,18.964064377842085,15.320027993406269,48.0,-7.0,55.0,0.09401668384112292,5.770158155722336,0.5600220953062778,0.5013574707209999,Panic
17.53482997884053,18.755181760743415,17.817568317834784,48.0,-7.0,55.0,0.13255737741838614,6.188265184369986,0.6795637621028312,1.0936120360012855,Panic
17.792179507710625,19.239911353879233,19.37515601306986,49.0,-5.0,54.0,0.008556293904702078,6.677498274082354,0.5728964532316879,1.9965167712129521,Panic
18.40843299424609,19.614648504163927,18.057659457490086,51.0,-12.0,63.0,0.059545726388740575,6.091194943517464,0.754343820549147,6.561401866442525,Panic
18.687353615580523,19.855493360981658,15.797354950158153,51.0,-12.0,63.0,-0.01481381583114925,5.507826434831179,0.6725696050663775,5.755265163372759,Panic
18.326522828950747,19.40019173612023,15.929363689694673,51.0,-4.0,55.0,-0.06900684178341743,5.9256552678074055,0.750099097513707,2.209472282569215,Panic
18.08783622667173,19.03905149985906,16.370633660287584,48.0,-6.0,54.0,-0.0028882657615334826,6.053183058539004,0.42236195320969644,0.6742228055910099,Panic
18.360562730246226,19.515985489532145,22.757950871600578,55.0,-8.0,63.0,0.10881179727160638,7.086775743977111,1.441453091632759,9.571363298506402,Panic
18.481090651779315,19.845360685126895,24.0618797856176,55.0,-8.0,63.0,0.051724900252186255,7.097198364782687,1.2411863587689749,6.834542891849161,Panic
18.358940066210984,19.716156442348396,17.041884269653142,51.0,-6.0,57.0,-0.004007004386113735,6.014940582813939,1.070614834210499,6.529073294336718,Panic
18.17318609344246,19.262721954347754,15.623510388176253,51.0,-6.0,57.0,0.1092685003196762,5.7977960588648925,0.20416225215213085,0.11786891559350113,Panic
18.587693306010433,19.20346271802904,15.118703993257347,51.0,-8.0,59.0,0.06538075071592703,5.268491332729008,0.5258424475724938,1.9095557433243637,Panic
18.998573698481387,19.714110628543228,13.676651423950206,51.0,-8.0,59.0,-0.007933323538775433,5.487430008647269,0.5050026208868903,2.8805749279169492,Panic
18.800880234004545,19.907759055916184,11.999120751148988,48.0,-8.0,56.0,0.04866322915043224,4.998244178135332,0.020755694951114068,1.244132333952574,Panic
18.52062565850229,19.613106607351018,12.871805623978208,48.0,-8.0,56.0,-0.048959290619950954,4.989892419718506,0.17091857168614322,1.4673507359517173,Panic
18.46838036718185,19.659707774631425,24.58763305338871,63.0,-16.0,79.0,-0.0159898667091587,7.051091458175011,1.474331794047853,13.038321658687929,Panic
18.476332642479385,19.605391211465452,28.608559085791565,63.0,-16.0,79.0,0.01001589324307374,7.73767902687085,1.552079337205605,12.632267811658322,Panic
18.332112834847702,19.48346250871476,15.783826423195308,50.0,-5.0,55.0,-0.006188634550893124,5.898937439643189,-0.08064597468129127,-0.22065160023425845,Panic
18.76757299501576,19.874618545788124,11.275925917372556,48.0,-3.0,51.0,0.06742472287735234,4.882984655609643,-0.11702856663378783,-0.04011503321785887,Panic
18.69049748720892,19.600960175316292,14.865750791597028,48.0,-8.0,56.0,-0.06660370510957549,5.52441329797396,0.1308092697621421,0.7802946414903339,Panic
18.3086580761864,19.38127650862752,16.791456306035013,49.0,-8.0,57.0,-0.03910849435094198,5.665467896193441,0.306915024734714,0.898948538017347,Panic
18.062155888921428,19.15233036054021,19.539558075556293,49.0,-7.0,56.0,0.07428046361610045,6.252457560335029,0.15041820256652955,-0.12466307015343496,Panic
18.292601199189644,19.633345376043057,17.834614108217554,49.0,-6.0,55.0,0.13726279542298597,5.796350359373927,0.06501768549982419,-0.3095237752082603,Panic
18.330738150906722,19.89450713921701,16.708435417547907,55.0,-4.0,59.0,0.006393474721863501,5.4012316430747465,1.1646943531672953,6.111293063650176,Panic
17.822874687268556,19.063263569839226,16.59524754365594,55.0,-8.0,63.0,0.05643663896345724,5.85828973850114,1.0188022636143033,4.429908333017138,Panic
18.400218886598132,19.261660088164714,16.663026682247274,51.0,-8.0,59.0,0.12886297376093292,5.949857825467681,1.371588715991931,7.24959329424969,Panic
18.411161962611953,19.334125175937242,18.425999701557565,51.0,-5.0,56.0,-0.08716176268639925,6.087940814140195,1.3449321741677107,6.861519245601241,Panic
18.12668909575284,19.41421730017527,16.924658565555227,48.0,-6.0,54.0,0.0531988734562681,5.592662944877596,0.4567451149527986,1.7889152647887487,Panic
18.17746411901876,19.461780882079548,15.58880658833518,48.0,-6.0,54.0,0.020550263794506085,4.674325774658965,0.43423155813533615,2.7516455060074385,Panic
18.087455662748877,19.310210170763607,17.043929377164527,49.0,-6.0,55.0,0.01372710019250786,4.98811124803523,0.05583429065354668,-0.20116552404533575,Panic
18.097627019277912,19.279929562617717,17.596357245029164,49.0,-7.0,56.0,0.02052904751717737,5.621968490886101,0.21902822033350297,-0.27917232531028835,Panic
17.94055469709071,19.26442182994235,15.211549028767147,48.0,-7.0,55.0,0.11045866008691944,5.416645674154168,0.21351099028650244,-0.20159375695976506,Panic
18.136968335833703,19.4677819846123,18.34531564898534,51.0,-4.0,55.0,0.016024736447332176,5.524650373550721,0.711365041641681,2.510490290415626,Panic
17.860892788278427,19.233716968638916,20.83708954150207,51.0,-7.0,58.0,-0.12897990324872716,6.125411938829885,0.7300662394095492,1.710424773629022,Panic
17.732456573653938,19.12136883162111,16.63738786916769,49.0,-9.0,58.0,-0.01477122825004769,5.967954694557202,0.6583560197060295,2.3880641185568092,Panic
18.120757479831834,19.265598147770543,15.352417773120232,51.0,-9.0,60.0,0.021539605961683733,5.618102968807466,0.5104236068292691,1.653279893064575,Panic
18.4611099143303,19.522068715231534,18.264183545929658,51.0,-6.0,57.0,0.03773670794071195,6.115726043721096,0.7223900124127852,3.5003042900714467,Panic
18.33140013425763,19.500636180292382,17.313288350958324,51.0,-6.0,57.0,-0.08373352998140349,5.9942173067366475,0.9846410223419291,5.516882711488235,Panic
18.051108201156758,19.089511097720347,15.621518660813578,48.0,-5.0,53.0,-0.004799078198237263,5.56693648915459,0.3619897324303986,0.3996209586312393,Panic
18.179243786894155,19.193727587532265,16.013642092865876,48.0,-7.0,55.0,-0.06749788861392092,5.417270513004405,0.21697821227580624,0.26349580533742545,Panic
18.070014724212303,19.200665487613403,15.556091361075612,48.0,-8.0,56.0,-0.017529838506617424,5.331727782280606,0.24203486209314162,0.37694597511277766,Panic
18.233198472047665,19.377125595029906,24.6473008209609,55.0,-17.0,72.0,-0.021659870412075965,7.006482138385414,1.116469115544191,9.865124952485749,Panic
17.950772061575943,18.964113586440046,24.762813342102582,55.0,-17.0,72.0,-0.14121569711020024,7.34732668020385,1.3591254093321936,11.694264368039597,Panic
17.796571510675868,18.975314597577785,16.367962456344696,50.0,-6.0,56.0,0.10375296032720177,6.140222337487465,0.23671287336014532,-0.634028419285668,Panic
18.456134803567966,19.907239100242528,15.608403283911596,50.0,-6.0,56.0,-0.04234962559133414,5.434646067297959,0.1128359811106363,-0.2777760525079579,Panic
18.443297056910875,19.32868377761514,17.7875411085399,48.0,-3.0,51.0,-0.06345091853044134,5.782619685300381,0.5148304265689793,1.1158752918880948,Panic
18.257385387924693,18.88147676911046,19.574129941964006,48.0,-5.0,53.0,-0.08938024272301462,6.552908785820108,0.43742611592153585,0.4024085000788746,Panic
18.498849663555863,19.535930191921413,18.446824824795424,48.0,-6.0,54.0,0.08335536510210102,6.145038628655266,0.24039806917212722,0.9605542018733385,Panic
18.828006052013244,19.962176687423742,15.295097359940087,50.0,-6.0,56.0,-0.0005641176501999229,5.365831191775543,-0.12210330240359715,0.23313748380712798,Panic
18.844753199833942,19.949103353834793,15.567675926386196,55.0,-6.0,61.0,-0.05238592106913177,5.5321207041775065,0.5188786613117495,2.9771953402370657,Panic
18.68181813077133,19.657339302118388,14.615270056543233,55.0,-6.0,61.0,0.023457595837396945,5.5708061955780535,0.49916524391667993,2.143246069595346,Panic
18.23143986949308,18.95880847057599,13.423690774526241,49.0,-6.0,55.0,0.027729045279799112,5.143074892057342,-0.0390455207863981,-0.5706106350938848,Panic
22.48,3.284098981828803,10.78530612244898,37.0,16.0,21.0,-0.2857142857142857,2.6496052844273437,1.606966540144875,6.648420117496428,Distraction
21.48,2.012613287469294,4.050612244897959,26.0,16.0,10.0,-0.061224489795918366,2.0344799592786296,-0.07129562788156275,0.36342619301997514,Distraction
21.82,1.769238277234769,3.130204081632653,25.0,17.0,8.0,0.04081632653061224,2.702675799364056,-0.10703266047569898,0.1904219519220467,Distraction
22.78,2.0029569977145982,4.011836734693877,26.0,17.0,9.0,0.061224489795918366,2.6833436594111997,-0.43049841549275564,0.2621433238792519,Distraction
23.66,1.779818839669031,3.1677551020408163,27.0,19.0,8.0,-0.10204081632653061,1.9716862974309286,-0.34202855874992827,-0.12781302930615945,Distraction
23.08,2.1173722644170176,4.4832653061224494,27.0,18.0,9.0,-0.061224489795918366,1.9836902661588354,-0.32415744392133977,-0.11491020605757418,Distraction
21.92,2.248264636903543,5.054693877551021,27.0,17.0,10.0,-0.02040816326530612,2.411619795383257,-0.14316238390330288,-0.2910640131813631,Distraction
21.28,2.4078104203629,5.797551020408164,26.0,17.0,9.0,0.061224489795918366,2.5746659245567605,0.2958579084856779,-0.7821985250121326,Distraction
21.8,2.449489742783178,6.0,27.0,18.0,9.0,0.0,2.424366106925306,0.1284454655370989,-0.7960811984368217,Distraction
21.88,2.361597522259637,5.577142857142857,27.0,17.0,10.0,0.0,2.6802375770419595,-0.41244086329796,-0.17908103696958788,Distraction
23.96,3.9277141921873855,15.426938775510205,31.0,17.0,14.0,0.02040816326530612,3.1265146266975576,0.10059151447520438,-0.7790791564644834,Distraction
27.46,2.7045690742798607,7.314693877551022,31.0,18.0,13.0,0.10204081632653061,2.9571421529273394,-1.266377042319131,1.8997950084064383,Distraction
25.64,3.336624225844108,11.133061224489794,31.0,19.0,12.0,-0.14285714285714285,2.2314999074019015,-0.31390039103083706,-1.1654728910353973,Distraction
22.92,1.988128029384549,3.95265306122449,28.0,18.0,10.0,-0.14285714285714285,2.2677868380553634,0.22861334450410306,0.7901388032787051,Distraction
22.72,1.9063802648699744,3.634285714285714,26.0,17.0,9.0,-0.04081632653061224,2.6026609905191607,-0.7036179805694768,1.2451783969459855,Distraction
22.42,2.186134413404031,4.7791836734693875,26.0,17.0,9.0,0.0,2.4660966430902955,-0.6628492848863584,-0.12573482635836486,Distraction
22.38,1.748351993700797,3.0567346938775515,26.0,18.0,8.0,0.08163265306122448,1.5757956810200784,-0.6622798240512349,0.696207842073294,Distraction
22.8,1.616244071283537,2.6122448979591835,26.0,18.0,8.0,0.061224489795918366,2.2260806893099403,0.21751819929078237,0.9102614382480052,Distraction
24.02,4.083265999722501,16.673061224489796,47.0,18.0,29.0,0.4897959183673469,4.468129540535251,3.5878061709550573,20.331381721928118,Distraction
27.4,4.615855548972432,21.306122448979593,47.0,19.0,28.0,0.08163265306122448,4.767392367689616,1.1114965813818398,5.601172346797178,Distraction
29.1,1.8210783977117087,3.3163265306122445,33.0,22.0,11.0,0.04081632653061224,1.979065783249087,-0.9567450223433588,3.7999867052750904,Distraction
28.94,1.8996240229507073,3.608571428571429,33.0,22.0,11.0,0.08163265306122448,2.0387744887742327,-0.4873895004185474,3.063067032062489,Distraction
29.06,2.024442478051371,4.098367346938776,33.0,23.0,10.0,-0.061224489795918366,1.910317456952908,-0.4077987849500997,0.5741045747677238,Distraction
28.54,1.8758399479177539,3.5187755102040814,32.0,23.0,9.0,-0.10204081632653061,1.9192355829402037,-0.4901643661572903,0.5962674308573215,Distraction
27.46,2.815481979255098,7.926938775510203,32.0,22.0,10.0,-0.12244897959183673,1.6737182492908305,-0.4818672774355708,-0.8159943974441259,Distraction
24.52,3.435944453234698,11.805714285714286,32.0,18.0,14.0,-0.08163265306122448,2.448129104020902,0.6281264863706394,-0.35652317171972836,Distraction
23.06,2.0344983837470574,4.139183673469388,29.0,18.0,11.0,0.0,2.5475077857324298,0.32434079411883676,0.797631920718683,Distraction
23.2,1.6781914463529615,2.816326530612245,27.0,18.0,9.0,0.04081632653061224,2.1088654815623684,0.021589839548230363,1.0502721580930166,Distraction
23.44,1.8423587365889722,3.394285714285714,26.0,18.0,8.0,0.061224489795918366,2.582580289091577,-0.339271669868917,0.1239900075328837,Distraction
24.42,1.8853895824340974,3.55469387755102,29.0,20.0,9.0,0.16326530612244897,2.427284859005123,-0.03226276403144999,-0.31903008217775985,Distraction
24.92,1.8164778657431238,3.299591836734694,29.0,22.0,7.0,-0.02040816326530612,2.189863437344684,0.08097024242122139,-0.9149369157404483,Distraction
24.66,1.5985963230539573,2.5555102040816324,28.0,22.0,6.0,-0.08163265306122448,1.9360883633683956,-0.10048645556944132,-0.5887940602085209,Distraction
26.06,2.675741362077937,7.159591836734693,34.0,22.0,12.0,0.16326530612244897,2.179186693217994,0.6456617508600863,0.04720078429256169,Distraction
28.36,2.2475383359196726,5.051428571428572,34.0,23.0,11.0,0.04081632653061224,2.490464948587233,-0.6060282621254086,0.7547977408891278,Distraction
28.48,1.9403344967256737,3.7648979591836738,32.0,22.0,10.0,-0.04081632653061224,2.4657588447676244,-1.085980840943008,2.1887653299003142,Distraction
28.16,1.8774711606796182,3.5248979591836727,32.0,22.0,10.0,-0.061224489795918366,2.376828303925007,-0.8965796599671193,1.9574393106858823,Distraction
28.6,1.5907898179514348,2.5306122448979593,34.0,26.0,8.0,0.0,2.32992949004287,0.6020036585070806,1.0939485686452484,Distraction
28.44,1.728040060004279,2.986122448979592,34.0,25.0,9.0,-0.02040816326530612,2.104318164024529,0.26612950710458244,0.9423528549706548,Distraction
30.14,9.066669167666722,82.20448979591836,74.0,18.0,56.0,0.8571428571428571,6.718843437888484,4.263706186155602,19.054906226987107,Distraction
49.12,19.360848353819414,374.84244897959195,74.0,18.0,56.0,0.7346938775510204,8.50876021618268,-0.12654540268240919,-1.889211633609609,Distraction
66.12,3.6232807323344574,13.128163265306123,73.0,60.0,13.0,0.1836734693877551,6.708731652344851,0.10562111155927746,-1.4155161532672025,Distraction
65.84,3.4896932793117315,12.177959183673467,71.0,60.0,11.0,-0.10204081632653061,6.572189080090169,0.1723949341494932,-1.4241367947141268,Distraction
65.48,3.7970987850822984,14.417959183673467,77.0,59.0,18.0,0.061224489795918366,6.938235273086836,0.6232893415223939,0.10346504161473558,Distraction
65.2,3.551372255616015,12.612244897959183,77.0,59.0,18.0,-0.14285714285714285,6.197431989566817,0.705661862735463,0.9631136650334993,Distraction
65.28,2.871677316873346,8.246530612244898,70.0,60.0,10.0,0.02040816326530612,5.164596101790269,0.04082257461294588,-0.9952170302040155,Distraction
65.32,2.518827067489622,6.344489795918367,70.0,61.0,9.0,-0.16326530612244897,4.427866021125891,0.2446577819053111,-1.0282812258338088,Distraction
65.08,2.3285276069496215,5.422040816326531,69.0,60.0,9.0,0.04081632653061224,3.96391469910419,0.010458370587697143,-0.6302822801223202,Distraction
64.28,2.579669334924734,6.654693877551021,69.0,57.0,12.0,-0.08163265306122448,4.02966922577249,-0.31578312542373477,0.25440638728865617,Distraction
63.88,2.7303285292343524,7.454693877551021,70.0,57.0,13.0,0.12244897959183673,4.368872516304801,-0.08816501220170878,-0.0572436839685424,Distraction
65.46,2.9430651798866476,8.661632653061226,71.0,59.0,12.0,-0.04081632653061224,4.856971356944822,-0.007977771287930561,-0.6483290456264852,Distraction
66.72,2.6576036466819395,7.062857142857144,71.0,62.0,9.0,0.10204081632653061,5.087980626484036,0.17872374782089354,-1.4931010628270256,Distraction
66.64,2.601098668969381,6.765714285714285,71.0,62.0,9.0,-0.04081632653061224,4.84434946949439,0.2686253508206558,-1.3103111540639616,Distraction
66.48,3.345664267041016,11.1934693877551,72.0,56.0,16.0,0.12244897959183673,6.163197729052421,-0.7069257965288742,0.8226366583458384,Distraction
66.28,3.4288095155429024,11.756734693877554,72.0,56.0,16.0,-0.14285714285714285,6.2105900340811875,-0.6850359539894757,0.48204084538962766,Distraction
66.0,2.747912008810192,7.551020408163265,71.0,61.0,10.0,0.061224489795918366,4.883993695633942,-0.04917738803203047,-0.8972887493589043,Distraction
66.4,2.7921171836702947,7.795918367346939,73.0,61.0,12.0,-0.02040816326530612,5.132886350035655,0.25431544857224914,-0.8147938565513875,Distraction
66.62,3.2881357536899047,10.811836734693877,80.0,62.0,18.0,0.08163265306122448,5.8198700269303565,1.5712961976308724,4.056323931852544,Distraction
65.52,3.2150157901030973,10.336326530612244,80.0,60.0,20.0,-0.12244897959183673,5.239694075277578,2.020755849764,7.27453629892894,Distraction
75.6,74.604809168179,5565.877551020407,592.0,48.0,544.0,-0.2857142857142857,106.87719445175173,7.0458747837821285,49.76017271610249,Distraction
66.14,76.60980115267928,5869.061632653059,592.0,42.0,550.0,-0.42857142857142855,106.85236811333931,6.864635476196171,48.01954641183946,Distraction
45.22,1.5556349186104046,2.4200000000000004,48.0,42.0,6.0,-0.04081632653061224,2.0599106744400886,-0.34895094608149285,-0.7001807301648149,Distraction
44.62,1.7483519937007967,3.0567346938775506,48.0,41.0,7.0,-0.04081632653061224,2.3643541955854297,-0.1969311568144006,-0.7661239088288601,Distraction
44.74,1.6636571467825982,2.767755102040816,48.0,41.0,7.0,-0.061224489795918366,2.22608068930994,-0.45400517344742924,-0.5745412303491877,Distraction
45.56,1.2803060858518902,1.6391836734693879,48.0,43.0,5.0,-0.061224489795918366,1.695229359779199,-0.1997390268306953,-0.032424130721328215,Distraction
45.72,1.2460549992775158,1.5526530612244898,48.0,42.0,6.0,0.0,1.4568627181693672,-0.5603383545641404,0.9293118265158524,Distraction
45.32,1.707606033998164,2.9159183673469387,48.0,41.0,7.0,0.061224489795918366,1.6587204715278447,-0.5242993610319842,-0.06502789876938131,Distraction
45.4,1.840585532389304,3.387755102040817,48.0,41.0,7.0,-0.02040816326530612,2.045301194508988,-0.5400324440908495,-0.3411300933032333,Distraction
44.6,1.8844151368961315,3.5510204081632657,48.0,41.0,7.0,0.02040816326530612,2.0252467314375964,-0.38122746444341615,-0.8408503470201798,Distraction
45.14,2.1760289613919035,4.735102040816326,48.0,41.0,7.0,0.08163265306122448,1.5886939147778418,-0.347823682867961,-0.9704263780876499,Distraction
46.34,1.7215323027430403,2.9636734693877544,49.0,42.0,7.0,0.061224489795918366,2.0244239620632234,-0.7795371281716799,0.032405944108040874,Distraction
46.94,1.9837091623562984,3.9351020408163264,51.0,42.0,9.0,0.02040816326530612,2.1617245186718956,-0.6815969083634661,0.3775966737875187,Distraction
47.4,1.385051387833237,1.9183673469387754,51.0,43.0,8.0,-0.02040816326530612,1.4637078430237638,-0.3360348475178218,1.7319644972693906,Distraction
46.24,1.4078497136862764,1.9820408163265306,48.0,42.0,6.0,-0.02040816326530612,1.7436742337382716,-0.8579659733388261,0.8610477817796713,Distraction
45.82,1.5345011819972705,2.35469387755102,48.0,42.0,6.0,-0.04081632653061224,1.9268159594974972,-0.5671820201487658,-0.1427923076951534,Distraction
45.46,2.2334196348438695,4.988163265306123,48.0,37.0,11.0,0.061224489795918366,2.216893977795962,-1.1814873552449998,2.50483228917635,Distraction
45.02,2.1898653392575613,4.7955102040816335,48.0,37.0,11.0,-0.02040816326530612,2.32545625032557,-0.901025892779819,2.157651156185805,Distraction
45.04,1.5380878667079738,2.3657142857142857,48.0,41.0,7.0,-0.08163265306122448,1.9570566685284658,-0.06960368979528934,0.058380108178000434,Distraction
44.94,1.6339510146780247,2.6697959183673468,48.0,42.0,6.0,-0.02040816326530612,2.1332144559409403,-0.07525023976944167,-0.5375390481964253,Distraction
55.48,76.61812009264266,5870.336326530612,586.0,37.0,549.0,0.061224489795918366,108.125476648852,7.053746213674918,49.833518876127386,Distraction
52.0,77.16851425184196,5954.9795918367345,586.0,37.0,549.0,-0.16326530612244897,108.11829253726914,7.040261920230561,49.702316028393255,Distraction
37.38,1.5103723017176656,2.281224489795919,41.0,34.0,7.0,-0.04081632653061224,1.4977422964823486,-0.5378505844106901,0.2541148477960431,Distraction
37.0,1.8182745801939795,3.306122448979592,42.0,33.0,9.0,0.0,2.32992949004287,0.2970527458688343,0.6439088813005283,Distraction
37.76,1.648252011640681,2.716734693877551,42.0,33.0,9.0,0.10204081632653061,2.2153904889978633,-0.11138694125860256,1.3681412463552558,Distraction
38.44,1.7975039382886662,3.231020408163265,44.0,35.0,9.0,0.04081632653061224,2.0097637557730903,0.991071698090815,1.4158408058191085,Distraction
40.08,3.0428236081317763,9.258775510204082,46.0,35.0,11.0,0.08163265306122448,2.1460617437327776,0.5546813696515971,-0.7297429655753334,Distraction
42.64,2.7011713256682266,7.296326530612244,46.0,35.0,11.0,0.14285714285714285,1.979486637221574,-0.8106467222395789,-0.02147118530483194,Distraction
43.76,1.450685974261269,2.1044897959183673,47.0,41.0,6.0,-0.02040816326530612,1.8570307209922163,0.020455264989576973,-0.5624515928349525,Distraction
42.98,1.8897143721111043,3.5710204081632653,47.0,38.0,9.0,-0.02040816326530612,1.9638549753011278,-0.44261179771836306,0.55407761779911,Distraction
42.56,1.8861471364684579,3.5575510204081633,46.0,38.0,8.0,0.0,2.080031396937291,-0.7148567010591147,0.3549869275985924,Distraction
42.28,2.6729178430917715,7.144489795918368,48.0,35.0,13.0,0.02040816326530612,2.2900832880172306,-0.8473338428894803,0.7594652017614991,Distraction
41.76,2.7446422762337894,7.533061224489796,48.0,35.0,13.0,0.0,2.2038926600773587,-0.5280216715537598,0.11092540446816868,Distraction
42.48,1.9612574059120587,3.846530612244898,46.0,37.0,9.0,0.08163265306122448,1.871774610252751,-0.881842622136654,0.9007427793972544,Distraction
42.88,1.5204725366457224,2.3118367346938773,46.0,39.0,7.0,0.0,2.2038926600773587,-0.2245715026284988,0.4947569671529979,Distraction
43.14,1.7958000888694916,3.2248979591836737,48.0,39.0,9.0,0.08163265306122448,2.328498988302467,0.20003712127735176,0.7506249086049013,Distraction
43.64,1.6383167070664517,2.684081632653062,48.0,39.0,9.0,-0.08163265306122448,2.078428907179431,0.581933343601518,1.73890715977549,Distraction
43.48,1.358871080067899,1.8465306122448981,48.0,41.0,7.0,-0.02040816326530612,1.622416890967493,0.7809637105759557,1.2810038555524672,Distraction
43.8,1.5518257844571737,2.4081632653061225,48.0,41.0,7.0,0.02040816326530612,1.8570307209922163,0.416403985002743,-0.01796989126381776,Distraction
43.92,2.058729546817351,4.238367346938776,48.0,37.0,11.0,-0.12244897959183673,2.2281378063601927,-0.8822684275995468,1.5997221543719462,Distraction
37.52,2.2609371363870068,5.111836734693878,42.0,33.0,9.0,-0.14285714285714285,2.3647064796066926,0.1769848892652958,-0.2992292811623658,Distraction
35.9,2.1404748662530992,4.581632653061224,42.0,33.0,9.0,-0.10204081632653061,2.3668190826006534,0.7985864011846537,0.8807358794973918,Distraction
35.9,1.6690459207925603,2.7857142857142856,41.0,32.0,9.0,0.10204081632653061,2.3408083198268845,0.10973345961818563,0.9283645977590336,Distraction
35.42,1.8853895824340974,3.55469387755102,41.0,32.0,9.0,0.02040816326530612,2.7217176143344224,0.5767559057457472,0.3627140789793173,Distraction
32.32,2.52691632676054,6.385306122448981,41.0,28.0,13.0,-0.02040816326530612,2.3775291231364406,0.9828722353981136,1.7827883282210637,Distraction
31.52,1.4461772268392872,2.091428571428571,35.0,28.0,7.0,0.02040816326530612,2.226828951747647,-0.14689188160800515,0.16946061361526876,Distraction
31.18,1.063110568865089,1.130204081632653,33.0,29.0,4.0,0.0,1.4708043058552858,-0.48118844227546087,-0.48825823222091413,Distraction
31.78,1.632451518172492,2.6648979591836737,38.0,27.0,11.0,-0.061224489795918366,2.170377219778844,0.5165938674841958,4.784753207092287,Distraction
30.64,2.3969368207044965,5.74530612244898,38.0,23.0,15.0,-0.04081632653061224,2.6723007260309775,-0.08278184292797162,2.2770334264010756,Distraction
31.22,1.9927419321536006,3.971020408163265,35.0,26.0,9.0,0.02040816326530612,2.199163068248848,-0.7843243951353294,0.4603605438334566,Distraction
32.12,1.5861646722036584,2.515918367346939,35.0,26.0,9.0,0.061224489795918366,1.420091449560392,-1.675186722580698,4.242544560766838,Distraction
12.010742567045973,17.448705840882628,6.705722454399267,47.46,-0.3673469387755102,47.82734693877551,-0.11155578817961052,1.850184118158678,0.4396340614674444,2.847757043070982,Normal
41.71931576419367,422.29350077658734,178540.54127845736,5978.738367346938,-11.142857142857142,5989.8812244897945,-0.02036258493285764,603.6438207786058,1.7112989687198208,37.27099084809481,Normal
102.50662455519077,727.4902452613875,514110.20448422397,6015.263673469386,-11.26530612244898,6026.528979591835,0.029711758946074262,853.7991639077433,0.5818709238824888,12.133331479901106,Normal
76.83065951046532,595.7328583495665,350449.5473985897,6015.263673469386,-11.26530612244898,6026.528979591835,0.2584418050131899,603.8301506729472,0.7853489150640822,23.179805334493267,Stress
21.55398908600253,41.34723765140203,1378.3890016525258,281.17809771279525,-1.0336496659721643,282.2117473787674,0.0666960304923383,29.277487778784316,-0.15072840777490737,6.506793635679903,Stress
18.114539868495136,32.68373311549853,928.0317548836583,281.17809771279525,-1.0336496659721643,282.2117473787674,-0.22354657515514822,28.927855313809285,-0.07912631989879793,26.48571450935697,Distraction
12.471389497301448,8.693783838839693,21.294363065025387,28.608559085791565,-0.2857142857142857,28.89427337150585,-0.11511562269404874,2.1927968988339632,-0.3161154558289776,1.1107272016168004,Panic
9.890154654261057,9.822494362692742,29.832037553103206,29.1,-0.2857142857142857,29.385714285714286,-0.10672028064361326,2.766190993798027,0.8327471301429663,1.0908287287960583,Panic
73.27220443265321,569.8621082683837,319461.12147843005,5869.061632653059,-0.4285714285714285,5869.4902040816305,30.449223475745935,397.7251822253016,2.9642980480874885,12.053865118312466,Distraction
135.05183846479915,814.4946083146402,632828.0055914979,5954.979591836735,-0.4285714285714285,5955.408163265307,0.09674534255779273,831.4352188923889,2.1792861011736013,6.549925203026828,Distraction
71.55307863730125,588.8348914442183,342135.048684061,5954.979591836735,-0.1632653061224489,5955.142857142858,-0.06896277488003093,597.1185855307141,1.9464339236934367,12.044447844171987,Distraction
21748.39141106877,125491.13536017695,14548225843.936068,814611.9785086996,-0.2112294955118901,814612.189738195,4131.16648141445,92753.65163915457,2.1508066174644083,4.122315718177746,Distraction
14524972.720364539,144514197.0078618,2.0558231127502108e+16,1448830208.289838,-0.5018835124058325,1448830208.7917216,-0.1845371082044689,146343143.2589563,5.386636459066494,29.153720079036972,Normal
14506252.59541332,144516033.81333426,2.0560431555542184e+16,1448830208.289838,-19.69127845188396,1448830227.9811165,-4129.579091581908,146343117.11823845,4.279233787135401,22.771855053210885,Distraction
3059.060592059317,30121.92054643499,893069062.6166785,349588.6888189359,-19.69127845188396,349608.38009738777,0.1522004115811099,31412.10827609657,1.459471710802338,16.239393176822347,Fatigue
72.46729929751402,623.7761588046926,382941.7281365679,6340.112653061224,-11.510204081632653,6351.622857142856,-0.1765116034579033,893.7956131874283,1.779222572119814,18.43729166047588,Stress
97.68241640545475,688.214032630052,460271.62752511335,6340.112653061224,-11.510204081632653,6351.622857142856,0.09815924596426535,988.9940180994694,1.0789380676203677,9.905319794046637,Panic
98.09131882644279,673.4584852630755,441009.12864607957,6015.263673469386,-11.26530612244898,6026.528979591835,0.07656880586411803,968.0317309628983,0.9821488350672289,9.988374530318268,Distraction
43.012626072361805,424.92688186188,180783.1610965659,6015.263673469386,-11.26530612244898,6026.528979591835,0.21029471647680775,607.1701402430197,2.377809295672008,38.86213352958212,Stress
18.134404707359284,32.42075343994712,183.1443013169115,97.64,-0.1632653061224489,97.80326530612246,0.25937946002239415,4.194653099852793,0.5487002948963495,1.967002370348024,Distraction
16.220556184192972,35.07025838669106,484.0309666893269,97.64,-0.0612244897959183,97.70122448979592,-0.46035234252381463,6.942161411552829,-0.21780888987912075,-0.33086191347151384,Panic
4.591028239388837,20.194009705215414,354.35309863353245,97.48,-0.0612244897959183,97.54122448979592,-0.5040346807263778,6.907646203542755,0.6056721008170416,4.550749454342815,Normal
97.4923807859785,606.9471906142744,349588.6888189359,6213.310399999999,0.0039039499257654,6213.306496050073,-19.69127845188396,805.8296102559675,2.4467746281532228,6.142497891568238,Normal
78.0036019333322,504.2743507086589,245232.06028282573,5894.958399999999,0.0038970095590857,5894.954502990439,0.05204604203301031,720.5475723157342,2.9684813093375753,10.323452535531436,Normal
98.08,1.35285035448591,1.8302040816326526,99.0,90.0,9.0,0.02040816326530612,1.8788815161606376,-4.6840013591933,26.868160792786878,Stress
98.14,0.8332380897952962,0.6942857142857142,99.0,95.0,4.0,0.02040816326530612,0.999791731748236,-2.036740720178644,6.666218067000257,Stress
97.98,0.8204030865920703,0.6730612244897959,99.0,95.0,4.0,0.0,0.9689042833036098,-2.041254270235575,6.21120619075475,Stress
98.12,0.6590035768383312,0.43428571428571433,99.0,96.0,3.0,-0.02040816326530612,0.95809751790249,-0.5754586722088741,1.1943220663641352,Stress
98.1,0.7354021529276429,0.5408163265306123,99.0,95.0,4.0,0.0,1.0301575072754257,-1.4431841822760998,5.341182975693583,Stress
97.9,1.2163847404233143,1.4795918367346939,99.0,92.0,7.0,0.02040816326530612,1.449698011034942,-3.274258948121654,12.926469501859554,Stress
97.9,1.2330483215451478,1.5204081632653061,99.0,92.0,7.0,-0.061224489795918366,1.4902152051860151,-3.136494812776842,12.09377668439323,Stress
98.08,0.9441549509633317,0.8914285714285712,99.0,95.0,4.0,0.0,1.228903609577518,-1.9829930938162874,5.035257721683648,Stress
98.12,0.9612916480720414,0.9240816326530614,99.0,95.0,4.0,-0.04081632653061224,1.177322865457629,-1.971636833631772,4.847092026676215,Stress
98.04,1.2115094312636678,1.4677551020408162,99.0,92.0,7.0,-0.02040816326530612,1.6473825363763726,-2.94852307611898,12.384488163322201,Stress
97.96,1.3241863115721677,1.753469387755102,99.0,92.0,7.0,0.04081632653061224,1.6531871960064193,-2.3958882470925507,7.8457149372667185,Stress
98.06,0.9775020225460573,0.9555102040816328,99.0,95.0,4.0,0.0,1.212183053462653,-1.4894034826753242,2.610581988832415,Stress
98.26,0.6642473107178669,0.4412244897959184,99.0,96.0,3.0,0.02040816326530612,0.999791731748236,-0.7791921922341343,1.449015298266394,Stress
98.14,0.9478224237370497,0.8983673469387754,99.0,93.0,6.0,-0.02040816326530612,1.3922496245559624,-3.2861857912932697,17.201058829718004,Stress
98.08,1.0659861774958646,1.1363265306122448,99.0,93.0,6.0,0.0,1.538618516324144,-2.691978685602275,10.651422636478424,Stress
98.0,1.0101525445522108,1.0204081632653061,99.0,94.0,5.0,-0.02040816326530612,1.3775132269947923,-2.2273863607376247,6.422127659574468,Stress
97.98,1.0200040015927907,1.040408163265306,99.0,94.0,5.0,-0.02040816326530612,1.3922496245559624,-2.242412298271523,6.139608663230941,Stress
98.2,0.8806305718527109,0.7755102040816326,99.0,95.0,4.0,0.0,1.2777531299998799,-2.0918025356335272,6.03402929215539,Stress
98.02,1.0398194505758767,1.0812244897959182,99.0,95.0,4.0,-0.04081632653061224,1.5380770352176956,-1.629526150038881,2.7222160565220186,Stress
32.54,79.60315089651328,6336.661632653063,583.0,14.0,569.0,-11.571428571428571,79.45143555811248,7.024637287222477,49.55391568957725,Stress
21.12,5.850658431461595,34.23020408163265,30.0,10.0,20.0,0.2857142857142857,11.264899430695042,0.03779911631873473,-1.641496835809626,Stress
21.4,6.243363823832046,38.9795918367347,32.0,10.0,22.0,-0.24489795918367346,11.882984941168472,0.05912036492812158,-1.5792671819256543,Stress
21.56,6.36687858036753,40.537142857142854,32.0,12.0,20.0,0.2857142857142857,11.972758194146836,0.19967409158484323,-1.6673969474144315,Stress
22.66,6.747970216355162,45.535102040816334,39.0,13.0,26.0,-0.2653061224489796,12.538553622611555,0.3295159461172692,-1.1734164528105921,Stress
22.68,6.532305902831195,42.671020408163265,39.0,15.0,24.0,0.2653061224489796,12.171856984754193,0.40046586387558697,-1.054004963744577,Stress
22.02,5.589677074386174,31.24448979591837,33.0,15.0,18.0,-0.24489795918367346,10.67809241590692,0.06270446677867633,-1.6602416367911377,Stress
21.82,5.332572224603455,28.43632653061224,29.0,15.0,14.0,0.22448979591836735,10.22055812630412,-0.021068464371895187,-1.8113111852111257,Stress
21.16,5.308291550364719,28.17795918367347,29.0,13.0,16.0,-0.1836734693877551,10.342449615861954,0.1183966034469181,-1.791645950271744,Stress
20.58,4.785565029655456,22.901632653061228,28.0,10.0,18.0,0.12244897959183673,9.108490439372027,-0.05146952361097842,-1.257450468518181,Stress
20.16,4.296937685071516,18.463673469387757,33.0,10.0,23.0,-0.14285714285714285,7.748600927040353,0.37607727952556236,0.4027174715434687,Stress
20.36,3.6126760955597126,13.051428571428568,33.0,16.0,17.0,0.10204081632653061,6.328571099513645,0.9184035831723836,1.4254211220629056,Stress
20.6,2.9277002188455996,8.571428571428571,27.0,16.0,11.0,-0.04081632653061224,5.118829520519472,0.11283844593467257,-1.0349645390070923,Stress
20.5,2.7497680792743084,7.561224489795919,29.0,16.0,13.0,0.16326530612244897,4.432472653900061,0.5674628979745613,0.6168782910648343,Stress
20.52,2.8872697363793782,8.336326530612244,30.0,16.0,14.0,-0.22448979591836735,4.092129359987959,1.2345175070760266,2.213877536788135,Stress
20.44,3.0583442232284943,9.353469387755101,30.0,16.0,14.0,0.22448979591836735,4.5502424520397655,1.13757553754853,1.4044148462572794,Stress
20.66,2.931949271493667,8.596326530612245,29.0,16.0,13.0,-0.14285714285714285,4.403152859263555,0.7495046508115594,0.42159863294698763,Stress
21.02,3.461095733069137,11.979183673469388,34.0,16.0,18.0,0.24489795918367346,4.967365384903621,1.609871383173771,3.5989274269243667,Stress
19.92,3.3614865516218706,11.299591836734693,34.0,15.0,19.0,-0.061224489795918366,5.116632196204549,2.2582513345030057,6.8732219912448365,Stress
33.58,78.63246720000068,6183.064897959182,578.0,16.0,562.0,-11.326530612244898,76.49766910017105,7.051932101428217,49.814880725785514,Panic
21.54,1.9816505180051813,3.926938775510204,26.0,16.0,10.0,-0.04081632653061224,2.0299711838054213,-0.12728515580641547,0.5449849007357837,Panic
21.82,1.7692382772347686,3.130204081632652,25.0,17.0,8.0,-0.061224489795918366,2.6833436594112,-0.10703266047569901,0.19042195192204847,Panic
22.66,2.0465002480591403,4.188163265306122,26.0,17.0,9.0,0.12244897959183673,2.715282922540068,-0.38124182056780853,0.09353613736668542,Panic
23.72,1.7028187915144388,2.899591836734694,27.0,19.0,8.0,-0.08163265306122448,1.9880945106869476,-0.29086145238410915,0.009578170876363146,Panic
23.12,2.1346509536403255,4.5567346938775515,27.0,18.0,9.0,-0.04081632653061224,1.989351075340382,-0.3594441092064907,-0.1714114128760631,Panic
21.9,2.261027398763488,5.112244897959184,27.0,17.0,10.0,0.02040816326530612,2.428485678472411,-0.12469381304211168,-0.3499849581001073,Panic
21.24,2.3609060868701253,5.573877551020408,26.0,17.0,9.0,0.061224489795918366,2.5746659245567605,0.2918531107275939,-0.701019405655178,Panic
21.84,2.418972627259054,5.8514285714285705,27.0,18.0,9.0,0.04081632653061224,2.372970098571205,0.113889365093227,-0.7239902273137511,Panic
21.94,2.4024647208010936,5.771836734693878,27.0,17.0,10.0,-0.04081632653061224,2.710216375679025,-0.42325207241466556,-0.2717054989062979,Panic
23.82,3.9779494256027266,15.824081632653064,31.0,17.0,14.0,0.22448979591836735,3.1832809805162166,0.16277926000957887,-0.8280912344063007,Panic
27.34,2.8111294846719237,7.902448979591836,31.0,18.0,13.0,0.16326530612244897,2.9440146043858464,-1.1501888858607203,1.2732101250616914,Panic
25.72,3.2952656205841864,10.858775510204083,31.0,19.0,12.0,-0.10204081632653061,2.2699896426913195,-0.373069775538997,-1.0607868391174167,Panic
23.06,2.0938198663335537,4.384081632653061,28.0,18.0,10.0,-0.12244897959183673,2.2644786133355423,0.30644002014994565,0.7085006016288942,Panic
22.74,1.893167090526629,3.5840816326530613,26.0,17.0,9.0,0.08163265306122448,2.5058033433748292,-0.7366953504602831,1.3881688759804929,Panic
22.38,2.1935899194457193,4.811836734693878,26.0,17.0,9.0,0.061224489795918366,2.477722483392031,-0.6052826697809659,-0.21344373725948795,Panic
22.34,1.7567363060458425,3.0861224489795918,26.0,18.0,8.0,0.04081632653061224,1.6030479091147332,-0.5929148407351439,0.5688060032360651,Panic
22.78,1.6072539644133559,2.583265306122449,26.0,18.0,8.0,-0.02040816326530612,2.2268289517476467,0.25127035200205694,1.008194873016432,Panic
23.54,2.383703172864971,5.68204081632653,28.0,18.0,10.0,0.02040816326530612,3.067205042408847,-0.37655726488543445,-0.49501955716889423,Panic
40.64,79.62482435183907,6340.112653061224,592.0,22.0,570.0,-11.510204081632653,77.05871666621542,7.054796197221783,49.84148027203834,Distraction
28.86,1.8071287407692582,3.265714285714285,33.0,22.0,11.0,-0.02040816326530612,1.9845299234519538,-0.6687605623667029,3.716101285630468,Distraction
29.22,2.0433066438536156,4.175102040816326,33.0,23.0,10.0,-0.04081632653061224,2.049979429199622,-0.41504027471254606,0.7375498175174702,Distraction
28.68,1.9737046901909192,3.8955102040816327,33.0,23.0,10.0,-0.02040816326530612,1.9534354449237328,-0.3791201231109921,0.5811533079325564,Distraction
27.62,2.6717723231852624,7.138367346938775,32.0,22.0,10.0,-0.08163265306122448,1.7477301278372768,-0.5567703499673324,-0.4976189133671616,Distraction
24.68,3.5018362530045786,12.262857142857147,32.0,18.0,14.0,-0.12244897959183673,2.463054790388988,0.5041956020957108,-0.6114330237564696,Distraction
23.08,2.028772625837341,4.115918367346939,29.0,18.0,11.0,0.0,2.5394841192330255,0.2993184646536715,0.8276860159597819,Distraction
23.18,1.6498608475645848,2.7220408163265306,27.0,18.0,9.0,0.04081632653061224,2.0697942683278527,-0.015700374874891083,1.188806826560656,Distraction
23.4,1.7842851423995425,3.1836734693877555,26.0,18.0,8.0,0.08163265306122448,2.3805053030206187,-0.32333569518334665,0.37392856393470053,Distraction
24.34,1.7912485669419052,3.208571428571429,27.0,20.0,7.0,0.08163265306122448,2.4313994852539067,-0.24904117311248572,-0.6903004995709443,Distraction
24.98,1.8125413436523259,3.2853061224489792,29.0,21.0,8.0,0.10204081632653061,2.2699896426913195,-0.054766745065321,-0.69783414525461,Distraction
24.8,1.6659862556700857,2.7755102040816326,29.0,22.0,7.0,-0.02040816326530612,2.0453011945089874,0.11033916323506875,-0.16098247809762212,Distraction
25.74,2.655836852623877,7.0534693877551025,34.0,22.0,12.0,0.14285714285714285,2.166535841157586,0.7211379763356633,0.36505984034304273,Distraction
28.14,2.490881329152067,6.204489795918367,34.0,22.0,12.0,0.16326530612244897,2.509955189253713,-0.6366356403462266,0.3237027969946835,Distraction
28.52,1.9297879760878036,3.724081632653061,32.0,22.0,10.0,-0.02040816326530612,2.394635125530225,-1.1586615177565454,2.4008458734955944,Distraction
28.16,1.8556037578433733,3.4432653061224485,32.0,22.0,10.0,-0.02040816326530612,2.342942471602639,-0.9422268671933557,2.179683435751457,Distraction
28.62,1.6399352899130017,2.6893877551020413,34.0,26.0,8.0,-0.08163265306122448,2.3805053030206187,0.5589959931171494,0.6983492164785852,Distraction
28.42,1.750684997132172,3.064897959183673,34.0,25.0,9.0,-0.061224489795918366,2.170377219778844,0.29345665685630734,0.7708018167490147,Distraction
28.38,2.4150041196567726,5.832244897959183,32.0,18.0,14.0,0.02040816326530612,2.4948092718263064,-2.0157358399494583,6.441400563182331,Distraction
75.78,66.95026786613285,4482.33836734694,539.0,60.0,479.0,-9.73469387755102,66.04351549692069,7.036774995329836,49.67021749437971,Fatigue
66.06,3.55946567877362,12.669795918367347,73.0,60.0,13.0,0.10204081632653061,6.618603644456711,0.1947970125501735,-1.3384167733108574,Fatigue
65.38,3.544987838556037,12.566938775510204,71.0,59.0,12.0,-0.1836734693877551,6.40367709860309,0.19959159424316916,-1.2500560982823368,Fatigue
65.14,3.5629041124180865,12.694285714285714,77.0,59.0,18.0,0.1836734693877551,6.196356629924918,0.723656134460638,0.9830744035011056,Fatigue
65.48,3.296504023281362,10.866938775510205,77.0,60.0,17.0,-0.2653061224489796,5.472661219613031,0.7807796170915724,1.51703699580911,Fatigue
65.38,2.514366881806737,6.322040816326532,70.0,61.0,9.0,0.04081632653061224,4.575708637762311,0.25557819186564623,-1.1444589088843498,Fatigue
65.16,2.2256390964743367,4.953469387755101,69.0,61.0,8.0,-0.12244897959183673,3.7559892474538255,0.13746579236926632,-0.7625370831141862,Fatigue
64.24,2.5599744896688135,6.5534693877551025,69.0,57.0,12.0,-0.02040816326530612,4.027911779420014,-0.36227326391104375,0.285131949841106,Fatigue
63.7,2.6668792432277817,7.112244897959185,69.0,57.0,12.0,-0.14285714285714285,4.280949732506199,-0.16139316017385102,-0.27441946692735364,Fatigue
65.38,2.989027553283127,8.934285714285716,71.0,59.0,12.0,0.10204081632653061,4.945601624363355,0.04074781308905691,-0.7586826486448119,Fatigue
66.72,2.6729178430917715,7.144489795918367,71.0,62.0,9.0,-0.12244897959183673,5.081509710831464,0.1994474764131578,-1.492836971610136,Fatigue
66.64,2.601098668969381,6.765714285714285,71.0,62.0,9.0,-0.02040816326530612,4.850793311590394,0.26862535082065575,-1.3103111540639616,Fatigue
66.42,3.2893768406797053,10.819999999999999,72.0,56.0,16.0,-0.08163265306122448,6.0939472637044805,-0.7398929208722791,0.9625928646062407,Fatigue
66.46,3.3209907545545403,11.028979591836736,72.0,56.0,16.0,0.061224489795918366,6.16907416486827,-0.8158414602384234,0.9878432691070671,Fatigue
66.1,2.851780682525304,8.132653061224488,71.0,61.0,10.0,-0.16326530612244897,4.983019897307214,-0.022548591846115875,-0.9784974776102335,Fatigue
66.22,2.852066919671717,8.134285714285717,73.0,61.0,12.0,0.16326530612244897,4.983019897307215,0.23586863512118303,-0.7082579315573048,Fatigue
66.62,3.2881357536899047,10.811836734693877,80.0,62.0,18.0,-0.08163265306122448,5.8198700269303565,1.571296197630873,4.056323931852544,Fatigue
65.62,3.2694629153887096,10.68938775510204,80.0,60.0,20.0,0.04081632653061224,5.417127726295435,1.8861863187144974,6.413057854203567,Fatigue
65.52,2.573332628388046,6.62204081632653,71.0,60.0,11.0,-0.061224489795918366,4.353784013397842,0.3278223335730513,-0.646074357075503,Fatigue
56.58,77.32230187563572,5978.738367346938,592.0,42.0,550.0,-11.142857142857142,74.8045071216587,7.05497076368067,49.842956219314075,Stress
44.64,1.7233095828571685,2.969795918367348,48.0,41.0,7.0,-0.02040816326530612,2.3516368239526475,-0.25963408489857026,-0.6924290735504286,Stress
44.76,1.6358234523771014,2.675918367346939,48.0,41.0,7.0,0.0,2.2038926600773587,-0.4997455091202515,-0.40385376545239327,Stress
45.54,1.2488361929151053,1.559591836734694,48.0,43.0,5.0,-0.04081632653061224,1.6654861847431155,-0.2911373275231131,-0.01897477183855445,Stress
45.66,1.3032142367771984,1.6983673469387754,48.0,42.0,6.0,-0.02040816326530612,1.545101488224302,-0.539309529416497,0.5678641051509397,Stress
45.24,1.6849877368899122,2.839183673469388,48.0,41.0,7.0,-0.061224489795918366,1.5038476266890235,-0.5281647467516557,-0.09118743433426602,Stress
45.34,1.8026058235515716,3.24938775510204,48.0,41.0,7.0,0.04081632653061224,2.0097637557730907,-0.5348577368108498,-0.27766343547526207,Stress
44.68,1.9840177747722536,3.936326530612245,48.0,41.0,7.0,-0.04081632653061224,2.1849128658988164,-0.25368629840879503,-0.8589326741676553,Stress
45.16,2.1886534859663493,4.790204081632653,48.0,41.0,7.0,0.02040816326530612,1.7669274140337439,-0.3464722834488902,-0.9637896961777375,Stress
46.18,1.698618886757409,2.8853061224489793,49.0,42.0,7.0,0.10204081632653061,2.042856123468114,-0.6317074064852191,-0.08851709281276943,Stress
46.96,1.9790742012055915,3.91673469387755,51.0,42.0,9.0,0.0,2.1570955529345,-0.7157000525462407,0.44068807861701087,Stress
47.46,1.3733617327490932,1.8861224489795918,51.0,43.0,8.0,-0.02040816326530612,1.4212641099167467,-0.4547134429996149,1.9516722220216867,Stress
46.32,1.331563451169262,1.7730612244897959,48.0,42.0,6.0,0.0,1.6781914463529615,-0.8918087973631621,1.2748756521820077,Stress
46.0,1.4846149779161804,2.204081632653061,48.0,42.0,6.0,-0.04081632653061224,1.8947745940302303,-0.7406210050368462,0.34000963138078966,Stress
45.36,2.2293039089292757,4.969795918367348,48.0,37.0,11.0,0.04081632653061224,2.2674194958908,-1.1077768615968377,2.313020185761988,Stress
44.92,2.1837993478881557,4.768979591836734,48.0,37.0,11.0,0.0,2.347382389307855,-0.7999447683196299,2.0444911510826156,Stress
45.2,1.52529689314733,2.326530612244898,48.0,41.0,7.0,-0.08163265306122448,1.9570566685284656,-0.06469836198426747,0.08531512151038356,Stress
45.1,1.5811388300841898,2.5000000000000004,48.0,42.0,6.0,0.02040816326530612,2.1332144559409403,-0.17102113876421102,-0.4159617889709075,Stress
44.38,2.664122936429204,7.097551020408164,48.0,37.0,11.0,0.10204081632653061,2.459839865031733,-0.9873466681066512,0.6681297593152777,Stress
48.96,77.55813093073728,6015.263673469386,586.0,34.0,552.0,-11.26530612244898,75.04876659721617,7.054434402512727,49.83782440494612,Distraction
37.04,1.8290178026604824,3.3453061224489797,42.0,33.0,9.0,-0.08163265306122448,2.2482349965584345,0.23044395202873294,0.5335598492824372,Distraction
37.54,1.6562805638304305,2.743265306122449,42.0,33.0,9.0,0.08163265306122448,2.2482349965584345,-0.059109609833058734,1.1379718626600415,Distraction
38.46,1.7866854502007854,3.1922448979591835,44.0,35.0,9.0,-0.04081632653061224,2.0097637557730903,1.0073769537139334,1.4179701605106745,Distraction
39.8,2.871393034605969,8.244897959183675,46.0,35.0,11.0,0.08163265306122448,2.1269575348022687,0.7262663155029003,-0.30300383827617816,Distraction
42.2,2.920721185751553,8.530612244897958,46.0,35.0,11.0,0.14285714285714285,1.8844151368961313,-0.6307021951100401,-0.579889035936064,Distraction
43.8,1.4568627181693672,2.122448979591837,47.0,41.0,6.0,-0.08163265306122448,1.8387743776752499,0.03300031120114277,-0.5464343604431572,Distraction
43.08,1.8826815439469224,3.5444897959183677,47.0,38.0,9.0,-0.061224489795918366,1.9421024087135215,-0.5597519356386602,0.7209407609734955,Distraction
42.62,1.9154580631892557,3.6689795918367345,46.0,38.0,8.0,0.061224489795918366,2.0938019638662215,-0.7359862550026661,0.29674278323208103,Distraction
42.4,2.68023757704196,7.183673469387756,48.0,35.0,13.0,-0.14285714285714285,2.32992949004287,-0.8850555306097591,0.9086075218150995,Distraction
41.62,2.6487578914175867,7.01591836734694,48.0,35.0,13.0,0.0,2.1852940772540506,-0.5105975314601919,0.36584517203477374,Distraction
42.34,1.996016440977644,3.984081632653061,46.0,37.0,9.0,0.14285714285714285,1.8182745801939795,-0.7808299054885707,0.5132842069121959,Distraction
43.0,1.5779087167410373,2.489795918367347,46.0,39.0,7.0,-0.02040816326530612,2.199163068248848,-0.3246671220787038,0.20831451165609804,Distraction
43.18,1.7921597960823354,3.211836734693878,48.0,39.0,9.0,0.08163265306122448,2.4313994852539063,0.1836375821210036,0.7440136814851828,Distraction
43.58,1.6047124480156332,2.575102040816326,48.0,39.0,9.0,0.04081632653061224,2.079630890262367,0.6671930766601156,2.15663323784126,Distraction
43.52,1.3437686875776969,1.805714285714286,48.0,41.0,7.0,-0.02040816326530612,1.6962118167494,0.7441756972344764,1.3499572362925925,Distraction
43.68,1.4630133845133837,2.140408163265306,48.0,41.0,7.0,-0.02040816326530612,1.801244421519692,0.3416300296115355,0.016838465929025936,Distraction
44.04,1.806563995375684,3.2636734693877547,48.0,39.0,9.0,-0.02040816326530612,2.1805241451743806,-0.32159280849260874,-0.012027449975028137,Distraction
41.56,3.3206834801754597,11.026938775510203,47.0,37.0,10.0,-0.16326530612244897,2.367698777513988,0.044983042095167645,-1.4404752575356417,Distraction
36.16,2.2620200471873697,5.11673469387755,42.0,33.0,9.0,-0.10204081632653061,2.434823028888855,0.8071465815850534,0.7440653701897793,Fatigue
35.48,1.764039890335215,3.1118367346938776,38.0,30.0,8.0,-0.14285714285714285,2.2131333406899527,-0.5696689079227228,0.2493842847424963,Fatigue
35.4,1.8070158058105026,3.2653061224489797,41.0,32.0,9.0,-0.08163265306122448,2.5780607701223763,0.5793391494605376,0.6405593417553219,Fatigue
35.28,1.7028187915144388,2.8995918367346936,39.0,32.0,7.0,0.02040816326530612,2.551428538780734,0.2908614523841094,-0.7147496978878505,Fatigue
31.46,1.4457538108656858,2.090204081632653,35.0,28.0,7.0,0.02040816326530612,2.208423538925516,-0.06476486877970164,0.1529026062719714,Fatigue
31.32,1.4205489022464062,2.0179591836734696,34.0,27.0,7.0,0.0,1.9166296949998198,-0.9089169694858447,0.8608981269833782,Fatigue
31.9,1.3439205515876271,1.8061224489795922,38.0,30.0,8.0,0.0,1.979486637221574,1.975836464812991,8.05031162073343,Fatigue
30.7,2.4180444114015365,5.846938775510203,38.0,23.0,15.0,0.0,2.6726124191242437,-0.13803287976600623,2.1200381972856386,Fatigue
31.0,2.276768207215604,5.183673469387755,35.0,23.0,12.0,0.02040816326530612,2.8463352443446763,-1.2428689053548663,2.268824952543522,Fatigue
32.0,1.7261494247992246,2.979591836734694,35.0,26.0,9.0,0.0,1.6781914463529615,-1.661588877373761,3.328946291468201,Fatigue
88.22,0.9749934589000888,0.9506122448979593,89.0,84.0,5.0,-0.02040816326530612,1.449698011034942,-2.5293296484101644,8.457615682024596,Panic
88.16,0.8656718518596065,0.7493877551020405,89.0,84.0,5.0,0.02040816326530612,1.3169196575429942,-2.4849413622825436,10.479792126989981,Panic
88.32,0.7125693664765672,0.5077551020408164,90.0,86.0,4.0,0.0,1.0101525445522108,-0.2070086724532782,1.7013263858076453,Panic
88.62,0.8780776777502463,0.7710204081632653,93.0,88.0,5.0,0.02040816326530612,1.2695780420404725,2.725948461159157,11.67599820040514,Panic
88.64,1.083456298620488,1.173877551020408,93.0,85.0,8.0,-0.02040816326530612,1.634947367540386,0.8767593673877673,6.616357397757527,Panic
88.26,0.8992059989632124,0.8085714285714287,91.0,85.0,6.0,-0.04081632653061224,1.3086709830107264,-0.02287620301026298,4.1289902749149014,Panic
88.18,0.8497298490264602,0.7220408163265308,91.0,85.0,6.0,0.061224489795918366,1.0576864097836685,0.055549194824281875,5.520047131911575,Panic
88.22,1.2823766201543008,1.6444897959183675,92.0,83.0,9.0,0.0,1.8844151368961313,-0.9749461904534747,6.741002830475544,Panic
88.3,1.2494896917525644,1.5612244897959184,92.0,83.0,9.0,0.0,1.7842851423995423,-0.5361666006089256,8.299541093032953,Panic
88.6,0.8571428571428572,0.7346938775510204,92.0,88.0,4.0,0.02040816326530612,1.1155632954054242,1.7013888888889097,3.679102639873962,Panic
88.62,0.8302937763840224,0.6893877551020409,92.0,88.0,4.0,0.0,1.1428571428571428,1.7178109541407205,4.233168963947013,Panic
88.62,0.8302937763840224,0.689387755102041,92.0,87.0,5.0,0.0,1.1065666703449764,1.494973294045668,4.372957115590542,Panic
88.4,0.7559289460184544,0.5714285714285714,90.0,86.0,4.0,-0.04081632653061224,0.9249199341734415,-0.2362277956307904,1.2945478723404342,Panic
88.18,0.5602477586036451,0.3138775510204082,89.0,86.0,3.0,-0.02040816326530612,0.7139941095728939,-0.6766001528690267,3.8285592697149333,Panic
88.18,0.9623525596056738,0.9261224489795918,92.0,84.0,8.0,0.0,1.4285714285714286,-0.5199035811720176,11.486878098246416,Panic
88.18,0.9833304508201727,0.9669387755102041,92.0,84.0,8.0,0.0,1.4846149779161804,-0.5114809907935819,10.332655945437835,Panic
88.4,0.7824607964359516,0.6122448979591837,92.0,87.0,5.0,0.0,1.1065666703449764,1.8105273428642765,8.046773049645331,Panic
88.38,0.8053393251117374,0.6485714285714287,92.0,87.0,5.0,-0.02040816326530612,1.0592603487641616,1.873313762273798,7.361595185194249,Panic
88.4,0.6388765649999399,0.40816326530612246,90.0,87.0,3.0,0.0,0.8571428571428572,0.8804517661405143,0.4404787234042211,Panic
97.4,0.8806305718527109,0.7755102040816326,99.0,95.0,4.0,0.0,1.324802642213672,-0.5229506339083994,0.9158439912772005,Normal
97.56,0.7602362683228612,0.5779591836734694,99.0,95.0,4.0,0.02040816326530612,1.0783546786630944,-0.7914577879606152,1.6714962659503243,Normal
97.64,0.6311634866964149,0.3983673469387755,99.0,97.0,2.0,0.02040816326530612,0.9365546045374502,0.4577806421309694,-0.6086273743903226,Normal
97.4,0.7824607964359516,0.6122448979591837,99.0,95.0,4.0,0.0,1.0497813183356477,-0.31950482521136947,0.9574113475177404,Normal
97.16,0.8889342392059454,0.790204081632653,98.0,94.0,4.0,-0.02040816326530612,1.237010813117693,-1.4160563697714608,2.7167161049122956,Normal
97.16,1.0946996606096009,1.1983673469387754,99.0,93.0,6.0,-0.02040816326530612,1.7436742337382716,-1.7888710823816145,4.3503010599832335,Normal
97.4,1.0101525445522106,1.020408163265306,99.0,93.0,6.0,0.04081632653061224,1.5773807231787427,-1.7571603512485892,6.6667106382979195,Normal
97.52,0.9089127840335353,0.826122448979592,99.0,95.0,4.0,0.04081632653061224,1.324173730408844,-0.4014373523087132,0.9362572392579018,Normal
97.36,0.9847821679779477,0.9697959183673469,99.0,95.0,4.0,-0.02040816326530612,1.4068316685399254,-0.526531181594393,0.3947680065574435,Normal
97.22,0.9538322275784913,0.9097959183673469,99.0,94.0,5.0,0.02040816326530612,1.285552305961112,-1.1992660513745086,1.9633795869363935,Normal
97.3,1.035098339013531,1.0714285714285712,99.0,94.0,5.0,0.02040816326530612,1.4913327270567436,-1.1041048949477588,1.6573049645389952,Normal
97.48,0.9089127840335353,0.826122448979592,99.0,95.0,4.0,-0.02040816326530612,1.3323264280775071,-0.6177840905875133,0.8389133609203334,Normal
97.46,0.8621283582636922,0.7432653061224491,99.0,95.0,4.0,-0.061224489795918366,1.2190354712708635,-0.26959702178167827,0.37626241525501314,Normal
97.34,0.9391702807939201,0.8820408163265306,99.0,95.0,4.0,-0.04081632653061224,1.3696295294336749,-0.7454865629120913,0.6576121541479378,Normal
97.32,0.7677159338596802,0.5893877551020409,99.0,95.0,4.0,0.0,1.178030178747903,-0.9097208634251128,1.8882981784584896,Normal
97.38,0.7253429871306345,0.5261224489795918,99.0,95.0,4.0,0.02040816326530612,1.0971167392420909,-0.06310382402009997,1.7526154931586833,Normal
97.34,0.8946553321057814,0.8004081632653061,99.0,95.0,4.0,0.0,1.355261854357877,-0.9193926321510868,1.100876478641343,Normal
97.46,0.9082389328715621,0.8248979591836738,99.0,95.0,4.0,0.02040816326530612,1.3922496245559624,-0.8979593074568865,0.7285534325598491,Normal
97.34,0.9606545387688245,0.9228571428571428,99.0,95.0,4.0,0.0,1.4285714285714286,-0.7454973506414527,0.4162925263227355,Normal
0.3849921272793253,0.24397217710133595,0.02080934379438482,1.0,0.0,1.0,-0.0015093335261509996,0.1980494010286446,0.17444685561342765,1.215483346295709,Fatigue
0.36395355060520385,0.2538009291892247,0.02592542591339257,1.0,0.0,1.0,0.002979413739536491,0.2225392893189634,0.344402034755382,1.5512584000629586,Fatigue
0.35899914853907083,0.25715554639177224,0.027748542690918938,1.0,0.0,1.0,-0.004519987551837886,0.2230109297641667,0.1542189948613067,1.0225734223091092,Fatigue
0.36897859272349004,0.2538354818645366,0.026982023680559897,1.0,0.0,1.0,-0.0037461570651585864,0.21831646600261667,0.10396766818786492,0.2676685770745173,Fatigue
0.38546161923319944,0.2545794184996744,0.023148725626236384,1.0,0.0039062499999999,0.9960937500000001,0.00527230761412239,0.21045389943824844,0.4815868947924966,2.147381417150939,Fatigue
0.37800567884697056,0.2568952550320102,0.025858477694989737,1.0,0.00390625,0.99609375,-0.00108985705241557,0.20739564652268827,0.6513177948774471,1.8603820361705514,Fatigue
0.35365334532657267,0.2429499413936009,0.02666357817558905,0.96,0.0,0.96,-0.0022651547061501402,0.23066147632137662,0.6268535324151782,0.31982070309528987,Fatigue
0.36696995586073383,0.2479527744728999,0.025153185099424123,0.9705882352941176,0.0,0.9705882352941176,-0.0007276724856598659,0.21618654155151426,0.3786853704419299,0.4660086171263439,Fatigue
0.364676388176718,0.2532165405086957,0.025572381052445838,0.9705882352941176,0.0,0.9705882352941176,-0.0011096071405869228,0.21168252726877554,0.9945850479308683,3.5457067412687575,Fatigue
0.3630916155363355,0.25690571986823696,0.02483446987244737,1.0,0.0,1.0,0.0006568527355129175,0.20296715489127026,0.9373622214517815,4.738753908719996,Fatigue
0.38411915353413284,0.2502989368416517,0.02163531080513441,1.0,0.0,1.0,-0.0006574872415223811,0.1941367765202668,0.6902277309808464,4.9708290145425345,Fatigue
0.3870833083981413,0.24590226859409525,0.02942408177971631,1.0000000000000002,0.0039062499999999,0.9960937500000003,-0.0031023877955459788,0.23030849894188243,0.8235822110518672,7.564987137439012,Fatigue
0.3768318437004312,0.2503376612355207,0.030696925029709297,1.0000000000000002,0.0039062499999999,0.9960937500000003,0.0017024022025202282,0.238347545630477,0.903652954714618,10.701941120221235,Fatigue
0.3477627797627363,0.24981164956201005,0.03065747634735299,0.96,0.0,0.96,-0.0016300518374463653,0.2348264945839137,0.14782745355562163,1.1357437653693208,Fatigue
0.35775745420490845,0.25026181860835034,0.029985939027340053,0.96,0.0,0.96,0.004050731303727094,0.22458001061292743,0.32188823437986125,0.8261082989978056,Fatigue
0.37528115181809224,0.246355152521641,0.024365696154206487,0.96,0.0039062499999999,0.9560937500000001,0.0018645512139743897,0.22822514193652876,0.04835215558618394,0.4048206870988926,Fatigue
0.3696350304690402,0.2483135923540093,0.024686609587967062,0.96,0.0,0.96,-0.001362202635101161,0.2257170003323205,0.006708400805672032,-0.28679087088424376,Fatigue
0.3910643389069705,0.24596249753608798,0.021553876315198874,1.0,0.0,1.0,-0.003248813101714769,0.1900688414515647,-0.016609314873603953,-0.06123581754558122,Fatigue
0.3832913306397232,0.24975210945801346,0.022391433104179823,1.0,0.00390625,0.99609375,0.003890864152518978,0.19817830887167895,0.17248355941145005,0.14110254142773504,Fatigue
0.3754231232893298,0.2594423310189668,0.029429555801848896,1.0,0.00390625,0.99609375,-0.0002916961733926816,0.23704527258887217,1.15910353920796,6.784896779221862,Fatigue
0.37203024308403765,0.25538603823349904,0.032263905634053305,1.0,0.0,1.0,0.00556580200234025,0.2374558476138005,0.9539880404552478,4.843238408189636,Fatigue
0.35967875530515725,0.2366829953250114,0.024027699170450285,1.0,0.0,1.0,0.0005226655053354189,0.21504142888841402,0.10184312037363277,0.3775416079367382,Fatigue
0.3757137365678074,0.24535241964612248,0.019824566651261945,1.0,0.00390625,0.99609375,0.0009810709015381342,0.19695812913425967,0.14754443831431116,0.43100161407222687,Fatigue
0.3869908968926963,0.24898827256106407,0.020941405249817725,1.0,0.00390625,0.99609375,-0.0020280567478042537,0.20347657774132738,0.2318597118384817,1.560918875935698,Fatigue
0.387755565198057,0.23692036951447387,0.022185529403198716,0.96,0.00390625,0.95609375,0.0011225969557425264,0.21978054924192922,0.133630085056897,0.5462856419811531,Fatigue
0.3746352179235387,0.24257798556471524,0.027371140402461875,0.96,0.00390625,0.95609375,-3.752197949797632e-05,0.25473666760216096,0.07736216123643781,-0.6066777481823854,Fatigue
0.37531089519674354,0.2509312538014388,0.03194191082930815,1.0,0.0,1.0,0.0035475440869856727,0.2816033052236103,0.8883528386405821,11.141154981133486,Fatigue
0.3835782828364914,0.24537390981946527,0.02815479914601842,1.0,0.0,1.0,0.002047406137850777,0.2470566122937475,0.8748578364300275,10.304783460687585,Fatigue
0.38460465134508814,0.24668908298183442,0.02329369257016838,1.0,0.00390625,0.99609375,0.000794904762283403,0.21208277291709587,0.041799825579598215,0.5140870139514536,Fatigue
0.39911449189208437,0.25491180719842627,0.022216658764421117,1.0,0.00390625,0.99609375,0.003965161849588207,0.2125592211386584,0.55604410536528,2.729057054436402,Fatigue
0.400515422678169,0.2602990567077643,0.02355260568813535,1.0,0.0,1.0,-0.000819278963393142,0.2127844883654903,0.6971303812635097,2.848904755170248,Fatigue
0.38237582182299257,0.2513999358157265,0.023034622034986896,1.0,0.0,1.0,-0.001075786008382122,0.21330147888782652,-0.08617830966840362,-0.19345172576582498,Fatigue
0.3770386830806408,0.23846970958233546,0.021374272305935596,0.92,0.00390625,0.91609375,-0.0006052201215617979,0.2048893950537643,0.052123281894334114,-0.19163215024027058,Fatigue
0.3738935185880403,0.2494424463236998,0.027077257231824137,0.96,0.0,0.96,0.0006471076430333425,0.23220110698106378,0.37654363095499344,-0.04972684320481005,Fatigue
0.36498985575660303,0.2538214496882471,0.03507790697118167,1.0,0.0,1.0,-0.005023010294946713,0.273495012002903,1.132078144174699,4.439302352562161,Fatigue
0.37964414409081076,0.2518100067640994,0.030632152043565106,1.0,0.0,1.0,-0.0020714926619688234,0.2679078584294308,1.085625276753866,4.995645456024908,Fatigue
0.3786715616620633,0.2473740574147362,0.024125109550340952,1.0,0.0039062499999999,0.9960937500000001,-0.0008602651238956454,0.22568148359906937,0.6230454299290702,0.7710770023271887,Fatigue
0.3660319485164889,0.2421049048065027,0.025293957145646206,1.0,0.0039062499999999,0.9960937500000001,0.0013765604044517804,0.23353965468635768,1.0153396705418065,1.825738512810221,Fatigue
0.37478520929520703,0.24742563398008985,0.027236407000351386,0.96,0.00390625,0.95609375,0.0018792622818849802,0.23030231301335044,0.8320656944257603,3.235359230632519,Fatigue
0.3750179087123139,0.24624760149252906,0.025507905536202045,0.96,0.00390625,0.95609375,0.005224804408592527,0.21538516831508833,-0.023617811995059218,-0.6265683631247123,Fatigue
0.36971632826118783,0.24202882307746582,0.026328631423969788,0.96,0.0,0.96,-0.0019361314252871096,0.22996593083634598,0.44870176809585144,1.9417761222326397,Fatigue
0.38395608938103987,0.25048572709128075,0.0310386765222702,1.0,0.0,1.0,-0.00035436853307073895,0.2502866830656871,0.8705741063341399,9.281913732343467,Fatigue
0.3889563657921638,0.25538278213522625,0.026546824155570123,1.0,0.0,1.0,-0.0010896126866176883,0.24469207709537832,1.1082573586983675,11.651516824506864,Fatigue
0.3766837983404867,0.2477790653386383,0.020957775015112038,1.0,0.00390625,0.99609375,-0.0005436495156488936,0.2307336639179672,0.1441858771272285,-0.049441046298627805,Fatigue
0.37664126118743335,0.24194440224680078,0.027090872784693867,1.0,0.005859375,0.994140625,-0.004464166843480375,0.25689520579570246,1.396369130718941,8.092903244110788,Fatigue
0.3930935953889149,0.25496482042004665,0.027097176048556222,1.0,0.00390625,0.99609375,0.0002898987271912436,0.24010787047483526,1.2945384568666294,8.11964417433406,Fatigue
0.40657817897511234,0.25738548135074835,0.019480307157217384,1.0,0.00390625,0.99609375,0.003006934502978257,0.1887388427585506,0.21683911588201443,0.3990009281929011,Fatigue
0.4020172199846313,0.24235564880613192,0.020959887397260228,0.96,0.00390625,0.95609375,-0.001319360378628093,0.19667086430756028,0.16816871824708124,0.9132918590353267,Fatigue
0.3864984250690513,0.23721485083799015,0.021713701559056064,0.96,0.00390625,0.95609375,-0.00264267345996812,0.21074795335914906,0.24412103400521057,1.1409783196383236,Fatigue
0.38848115821379753,0.24420391694309393,0.019274581543632565,0.92,0.005859375,0.914140625,0.004067678160468937,0.19944927828645176,0.2932230283952558,2.272990526572037,Fatigue
0.38958193344781084,0.2442693104264232,0.019929089397241535,0.92,0.0,0.92,0.0014905668024717646,0.1999366265508534,0.046768644231168166,1.3927956341274597,Fatigue
0.3788171839488972,0.24219942949835993,0.022128414566501893,0.96,0.0,0.96,0.003271396928539292,0.21301634895168348,0.028996491325910548,-0.22731005183755076,Fatigue
0.3702553722126454,0.2430390770560168,0.020128260337011476,0.96,0.00390625,0.95609375,0.0006106242275047083,0.2047136632869539,0.1965304909015244,-0.1792352699127263,Fatigue
0.3502395234796178,0.23249627673858514,0.019453844156352387,0.92,0.0,0.92,0.0015096998100501031,0.18603806056732466,0.34528441337681215,0.025297386141839517,Fatigue
0.3442818368188235,0.23696250663756174,0.024457237847284378,0.92,0.0,0.92,-0.002720296426246318,0.19888885903201936,0.34302526296255154,-0.020428230348893822,Fatigue
0.36840249991632246,0.23959293689658584,0.02873396782307611,0.96,0.0,0.96,0.001758020758859971,0.2223308985514055,0.2740894564679817,0.5075175946755027,Fatigue
0.3849539960685802,0.2368792626457906,0.024444579313163767,1.0,0.0,1.0,-0.0026932809002470693,0.2270649784838653,0.3089212197430509,0.7675407392939151,Fatigue
0.3926454534798266,0.24491906252541523,0.02037791002342372,1.0,0.00390625,0.99609375,0.0010206931288358459,0.206142459839579,-0.03782140746718979,-0.19488947002975676,Fatigue
0.3931422878536782,0.2370546172249461,0.018181589710346967,0.92,0.00390625,0.91609375,0.0005040130778753446,0.1904260374022109,-0.3826890190388221,-0.4409939639738345,Fatigue
